"user.id","user.B.id","proximity","calls","SMS"
1,1,1028,310,757
2,1,1788,0,0
3,1,0,0,0
4,1,502,0,0
5,1,16,0,0
6,1,1,0,0
7,1,61,0,0
8,1,5,0,0
9,1,1,0,0
10,1,0,0,0
11,1,827,0,0
12,1,13,0,0
13,1,0,0,0
14,1,1447,0,0
15,1,8,0,0
16,1,131,0,0
17,1,0,0,0
18,1,4,0,0
19,1,0,0,0
20,1,53,0,0
21,1,412,0,0
22,1,20,0,0
23,1,0,0,0
24,1,1805,0,0
25,1,30,0,0
26,1,0,0,0
27,1,140,0,0
28,1,14,0,0
29,1,10,0,0
30,1,120,0,0
31,1,3055,0,0
32,1,0,0,0
33,1,1,0,0
34,1,12,0,0
35,1,0,0,0
36,1,13,0,0
37,1,25,3,16
38,1,0,0,0
39,1,0,0,0
40,1,0,0,0
41,1,17,0,0
42,1,31,0,0
43,1,25,0,0
44,1,42,0,0
45,1,0,0,0
46,1,135,0,0
47,1,24,0,0
48,1,0,0,0
49,1,2,0,0
50,1,1,0,0
51,1,1,0,0
52,1,1064,0,0
53,1,0,0,0
54,1,3,0,0
55,1,6,0,0
56,1,22,0,0
57,1,1266,0,0
58,1,2573,0,0
59,1,29,0,0
60,1,13,0,0
61,1,3691,833,2693
62,1,2,0,0
63,1,3,0,0
64,1,73,0,0
65,1,3,0,0
66,1,5,0,0
67,1,0,0,0
68,1,3,0,0
69,1,8,0,0
70,1,72,0,0
71,1,979,0,0
72,1,12,0,0
73,1,0,0,0
74,1,1,0,0
75,1,36,0,0
76,1,2,0,0
77,1,0,0,0
78,1,0,0,0
79,1,2,0,0
80,1,2,0,0
81,1,0,0,0
82,1,0,0,0
83,1,0,0,0
84,1,0,0,0
1,2,8892,0,0
2,2,0,0,0
3,2,0,0,0
4,2,75,0,0
5,2,109,0,0
6,2,21,0,0
7,2,4,0,0
8,2,109,0,0
9,2,0,0,0
10,2,2,0,0
11,2,101,0,0
12,2,24,0,0
13,2,0,0,0
14,2,4619,0,0
15,2,19,0,0
16,2,86,0,0
17,2,0,0,0
18,2,233,0,0
19,2,1,0,0
20,2,228,0,0
21,2,315,0,0
22,2,95,0,0
23,2,638,0,0
24,2,370,0,0
25,2,996,37,0
26,2,0,0,0
27,2,355,0,0
28,2,65,0,0
29,2,19,1,0
30,2,442,0,0
31,2,779,0,0
32,2,37,0,0
33,2,0,0,0
34,2,494,0,0
35,2,8,0,0
36,2,136,0,0
37,2,54,0,0
38,2,13,0,0
39,2,0,0,0
40,2,8,0,0
41,2,14,0,0
42,2,45,0,0
43,2,24,0,0
44,2,159,0,0
45,2,2,0,0
46,2,3651,0,0
47,2,229,0,0
48,2,3,0,0
49,2,4,0,0
50,2,13,0,0
51,2,55,0,0
52,2,265,0,0
53,2,0,0,0
54,2,82,0,0
55,2,504,0,0
56,2,6,0,0
57,2,2133,4,10
58,2,254,0,0
59,2,198,0,0
60,2,1,0,0
61,2,1771,0,0
62,2,132,0,0
63,2,0,0,0
64,2,49,0,0
65,2,0,0,0
66,2,656,0,0
67,2,4,0,0
68,2,18,0,0
69,2,459,0,0
70,2,641,0,0
71,2,3123,0,0
72,2,41,0,0
73,2,0,0,0
74,2,3,0,0
75,2,20,0,0
76,2,1002,0,0
77,2,7,0,0
78,2,35,0,0
79,2,26,0,0
80,2,20,0,0
81,2,0,0,0
82,2,0,0,0
83,2,0,0,0
84,2,0,0,0
1,3,0,0,0
2,3,0,0,0
3,3,0,0,0
4,3,0,0,0
5,3,0,0,0
6,3,0,0,0
7,3,0,0,0
8,3,0,0,0
9,3,0,0,0
10,3,0,0,0
11,3,0,0,0
12,3,0,0,0
13,3,0,0,0
14,3,0,0,0
15,3,0,0,0
16,3,0,0,0
17,3,0,0,0
18,3,0,0,0
19,3,0,0,0
20,3,0,0,0
21,3,0,0,0
22,3,0,0,0
23,3,0,0,0
24,3,0,0,0
25,3,0,0,0
26,3,0,0,0
27,3,0,0,0
28,3,0,0,0
29,3,0,0,0
30,3,0,0,0
31,3,0,0,0
32,3,0,0,0
33,3,0,0,0
34,3,0,0,0
35,3,0,0,0
36,3,0,0,0
37,3,0,0,0
38,3,0,0,0
39,3,0,0,0
40,3,0,0,0
41,3,0,0,0
42,3,0,0,0
43,3,0,0,0
44,3,0,0,0
45,3,0,0,0
46,3,0,0,0
47,3,0,0,0
48,3,0,0,0
49,3,0,0,0
50,3,0,0,0
51,3,0,0,0
52,3,0,0,0
53,3,0,0,0
54,3,0,0,0
55,3,0,0,0
56,3,0,0,0
57,3,0,0,0
58,3,0,0,0
59,3,0,0,0
60,3,0,0,0
61,3,0,0,0
62,3,0,0,0
63,3,0,0,0
64,3,0,0,0
65,3,0,0,0
66,3,0,0,0
67,3,0,1,0
68,3,0,0,0
69,3,0,0,0
70,3,0,0,0
71,3,0,0,0
72,3,0,0,0
73,3,0,0,0
74,3,0,0,0
75,3,0,0,0
76,3,0,0,0
77,3,0,0,0
78,3,0,0,0
79,3,0,0,0
80,3,0,0,0
81,3,0,0,0
82,3,0,0,0
83,3,0,0,0
84,3,0,0,0
1,4,627,0,0
2,4,5,0,0
3,4,0,0,0
4,4,0,3,19
5,4,47,0,0
6,4,1,0,0
7,4,5013,470,152
8,4,27,0,0
9,4,3,12,0
10,4,80,0,0
11,4,1595,0,0
12,4,15,0,0
13,4,0,0,0
14,4,1,0,0
15,4,157,0,0
16,4,127,1,0
17,4,0,0,0
18,4,1415,0,0
19,4,1,0,0
20,4,11,0,0
21,4,343,11,9
22,4,30,0,0
23,4,50,0,0
24,4,706,6,0
25,4,8,0,0
26,4,0,0,0
27,4,281,4,0
28,4,6,0,0
29,4,21,0,0
30,4,26,0,0
31,4,226,8,0
32,4,40,0,0
33,4,60,0,0
34,4,10,0,0
35,4,54,0,0
36,4,61,0,0
37,4,18,0,0
38,4,1,0,0
39,4,0,0,0
40,4,0,0,0
41,4,0,0,0
42,4,19,0,0
43,4,41,0,0
44,4,342,7,8
45,4,37,0,0
46,4,3120,0,0
47,4,32,0,0
48,4,10,0,0
49,4,96,0,0
50,4,0,0,0
51,4,3,0,0
52,4,2197,1,2
53,4,0,0,0
54,4,0,0,0
55,4,3,0,0
56,4,7,0,0
57,4,501,0,0
58,4,270,1,0
59,4,12,0,0
60,4,2,0,0
61,4,21,0,0
62,4,25,0,0
63,4,0,0,0
64,4,124,0,0
65,4,42,0,0
66,4,2,0,0
67,4,3,0,0
68,4,13,0,0
69,4,325,0,0
70,4,81,0,0
71,4,491,0,0
72,4,176,0,0
73,4,0,0,0
74,4,0,0,0
75,4,73,0,0
76,4,152,0,0
77,4,1,0,0
78,4,30,0,0
79,4,33,0,0
80,4,870,0,0
81,4,0,0,0
82,4,0,0,0
83,4,0,0,0
84,4,0,0,0
1,5,21,0,0
2,5,18,0,0
3,5,0,0,0
4,5,33,0,0
5,5,67,0,0
6,5,113,0,0
7,5,2,0,0
8,5,3,0,0
9,5,2,0,0
10,5,1899,0,0
11,5,44,0,0
12,5,0,0,0
13,5,0,0,0
14,5,69,0,0
15,5,1,0,0
16,5,12,0,0
17,5,0,0,0
18,5,23,0,0
19,5,1,0,0
20,5,34,0,0
21,5,440,0,0
22,5,647,0,0
23,5,89,0,0
24,5,4,0,0
25,5,1,0,0
26,5,0,0,0
27,5,302,0,0
28,5,34,0,0
29,5,483,0,0
30,5,126,0,0
31,5,259,0,0
32,5,10,0,0
33,5,0,0,0
34,5,415,0,0
35,5,6,0,0
36,5,162,0,0
37,5,26,0,0
38,5,4,0,0
39,5,0,0,0
40,5,2,0,0
41,5,5,0,0
42,5,486,0,0
43,5,465,0,0
44,5,290,0,0
45,5,422,0,0
46,5,75,0,0
47,5,2931,0,0
48,5,4,0,0
49,5,7,0,0
50,5,11,0,0
51,5,181,0,0
52,5,25,0,0
53,5,0,0,0
54,5,637,0,0
55,5,673,0,0
56,5,18,0,0
57,5,14,0,0
58,5,30,0,0
59,5,136,0,0
60,5,11,0,0
61,5,12,0,0
62,5,16,0,0
63,5,0,0,0
64,5,3475,0,0
65,5,3,0,0
66,5,28,0,0
67,5,5,0,0
68,5,4268,0,0
69,5,39,0,0
70,5,33,0,0
71,5,285,0,0
72,5,27,0,0
73,5,0,0,0
74,5,12,0,0
75,5,3779,0,0
76,5,48,0,0
77,5,6,0,0
78,5,6,0,0
79,5,748,0,0
80,5,1,0,0
81,5,0,0,0
82,5,0,0,0
83,5,0,0,0
84,5,0,0,0
1,6,8,0,0
2,6,8,0,0
3,6,0,0,0
4,6,56,0,0
5,6,1614,1,0
6,6,0,0,0
7,6,0,0,0
8,6,9,0,0
9,6,13,0,0
10,6,2,0,0
11,6,16,0,0
12,6,4,0,0
13,6,0,0,0
14,6,778,0,0
15,6,23,0,0
16,6,4,0,0
17,6,0,0,0
18,6,147,1,0
19,6,547,0,0
20,6,423,0,0
21,6,27,0,0
22,6,466,2,0
23,6,1086,2,0
24,6,15,0,0
25,6,10,0,0
26,6,0,0,0
27,6,122,0,0
28,6,84,0,0
29,6,65,0,0
30,6,578,0,0
31,6,27,0,0
32,6,119,1,0
33,6,255,0,0
34,6,128,0,0
35,6,22,0,0
36,6,2317,0,0
37,6,12,0,0
38,6,6,0,0
39,6,0,0,0
40,6,2,0,0
41,6,0,0,0
42,6,82,0,0
43,6,173,0,0
44,6,2421,11,0
45,6,0,0,0
46,6,784,7,0
47,6,1407,1,0
48,6,12,0,0
49,6,0,0,0
50,6,7,0,0
51,6,1281,0,0
52,6,1,0,0
53,6,0,0,0
54,6,143,0,0
55,6,53,0,0
56,6,7,0,0
57,6,13,0,0
58,6,9,0,0
59,6,56,1,0
60,6,4,0,0
61,6,3,0,0
62,6,31,1,0
63,6,0,0,0
64,6,377,0,0
65,6,2,0,0
66,6,480,0,0
67,6,3,2,0
68,6,22,3,0
69,6,28,0,0
70,6,7,0,0
71,6,337,0,0
72,6,92,0,0
73,6,0,0,0
74,6,0,0,0
75,6,6,0,0
76,6,8,0,0
77,6,8,0,0
78,6,0,0,0
79,6,1,1,0
80,6,49,0,0
81,6,0,0,0
82,6,0,0,0
83,6,0,0,0
84,6,0,0,0
1,7,176,0,0
2,7,1,0,0
3,7,0,0,0
4,7,10376,910,839
5,7,0,0,0
6,7,0,0,0
7,7,9,41,12
8,7,1,0,0
9,7,0,0,0
10,7,0,0,0
11,7,263,0,0
12,7,21,0,0
13,7,0,0,0
14,7,0,0,0
15,7,50,0,0
16,7,159,0,0
17,7,0,0,0
18,7,923,0,0
19,7,0,0,0
20,7,1,0,0
21,7,88,1,0
22,7,4,0,0
23,7,2,0,0
24,7,313,0,0
25,7,8,0,0
26,7,0,0,0
27,7,59,0,0
28,7,1,0,0
29,7,19,0,0
30,7,0,0,0
31,7,47,0,0
32,7,28,0,0
33,7,4,0,0
34,7,0,0,0
35,7,0,0,0
36,7,12,0,0
37,7,1,0,0
38,7,0,0,0
39,7,0,0,0
40,7,0,0,0
41,7,0,0,0
42,7,0,0,0
43,7,0,0,0
44,7,66,0,0
45,7,0,0,0
46,7,1153,0,0
47,7,20,0,0
48,7,0,0,0
49,7,148,0,0
50,7,0,0,0
51,7,0,0,0
52,7,790,319,180
53,7,0,0,0
54,7,0,0,0
55,7,2,39,73
56,7,0,0,0
57,7,213,0,0
58,7,55,0,0
59,7,0,0,0
60,7,0,0,0
61,7,25,0,0
62,7,14,0,0
63,7,0,0,0
64,7,20,0,0
65,7,0,0,0
66,7,0,0,0
67,7,0,0,0
68,7,9,0,0
69,7,4,0,0
70,7,9,0,0
71,7,347,0,0
72,7,33,0,0
73,7,0,0,0
74,7,0,0,0
75,7,66,0,0
76,7,89,0,0
77,7,0,0,0
78,7,0,0,0
79,7,6,0,0
80,7,438,0,0
81,7,0,0,0
82,7,0,0,0
83,7,0,0,0
84,7,0,0,0
1,8,60,0,0
2,8,36,0,0
3,8,0,0,0
4,8,88,0,0
5,8,233,0,0
6,8,3,0,0
7,8,4,0,0
8,8,0,0,0
9,8,1,0,0
10,8,6,0,0
11,8,288,0,0
12,8,6,0,0
13,8,0,0,0
14,8,75,0,0
15,8,7,0,0
16,8,169,0,0
17,8,0,0,0
18,8,10,0,0
19,8,4,0,0
20,8,426,0,0
21,8,4336,0,0
22,8,175,0,0
23,8,26,0,0
24,8,57,0,0
25,8,44,0,0
26,8,5,0,0
27,8,5301,0,0
28,8,18,0,0
29,8,12,0,0
30,8,393,0,0
31,8,2966,0,0
32,8,47,0,0
33,8,1,0,0
34,8,2483,0,0
35,8,7,0,0
36,8,80,0,0
37,8,52,0,0
38,8,15,0,0
39,8,0,0,0
40,8,7,0,0
41,8,35,0,0
42,8,762,0,0
43,8,216,0,0
44,8,105,0,0
45,8,0,0,0
46,8,12,0,0
47,8,695,0,0
48,8,3,0,0
49,8,3,0,0
50,8,1,0,0
51,8,35,0,0
52,8,493,0,0
53,8,0,0,0
54,8,128,0,0
55,8,17,0,0
56,8,15,0,0
57,8,108,0,0
58,8,351,0,0
59,8,2185,0,0
60,8,50,0,0
61,8,10,0,0
62,8,117,0,0
63,8,6,0,0
64,8,1139,0,0
65,8,2,0,0
66,8,109,0,0
67,8,4,0,0
68,8,246,0,0
69,8,261,0,0
70,8,4970,46,0
71,8,499,0,0
72,8,36,0,0
73,8,0,0,0
74,8,2,0,0
75,8,20,0,0
76,8,14,0,0
77,8,113,0,0
78,8,2,0,0
79,8,7,0,0
80,8,8,0,0
81,8,0,0,0
82,8,0,0,0
83,8,0,0,0
84,8,0,0,0
1,9,1,0,0
2,9,4,0,0
3,9,0,0,0
4,9,1202,121,6
5,9,100,0,0
6,9,44,0,0
7,9,0,0,0
8,9,6,0,0
9,9,0,34,0
10,9,140,0,0
11,9,0,0,0
12,9,0,0,0
13,9,0,0,0
14,9,30,0,0
15,9,170,0,0
16,9,0,0,0
17,9,0,0,0
18,9,128,0,0
19,9,758,0,0
20,9,13,0,0
21,9,26,0,0
22,9,221,0,0
23,9,4245,0,0
24,9,1,0,0
25,9,0,0,0
26,9,0,0,0
27,9,10,0,0
28,9,27,0,0
29,9,261,0,0
30,9,6,0,0
31,9,5,0,0
32,9,20,0,0
33,9,0,0,0
34,9,1,0,0
35,9,402,17,0
36,9,12,0,0
37,9,202,0,0
38,9,1,0,0
39,9,0,0,0
40,9,7,0,0
41,9,0,0,0
42,9,21,1,0
43,9,20,0,0
44,9,112,0,0
45,9,85,3,0
46,9,35,0,0
47,9,21,0,0
48,9,5,0,0
49,9,10,0,0
50,9,21,0,0
51,9,0,0,0
52,9,18,48,0
53,9,0,0,0
54,9,35,0,0
55,9,8,17,0
56,9,8,0,0
57,9,7,0,0
58,9,2,0,0
59,9,11,0,0
60,9,12,0,0
61,9,0,0,0
62,9,98,0,0
63,9,0,0,0
64,9,36,0,0
65,9,22,0,0
66,9,54,7,0
67,9,47,0,0
68,9,231,0,0
69,9,1911,1,0
70,9,51,0,0
71,9,23,0,0
72,9,464,0,0
73,9,0,0,0
74,9,0,0,0
75,9,198,0,0
76,9,109,0,0
77,9,25,0,0
78,9,56,0,0
79,9,122,0,0
80,9,1,0,0
81,9,0,0,0
82,9,0,0,0
83,9,0,0,0
84,9,0,0,0
1,10,0,0,0
2,10,0,0,0
3,10,0,0,0
4,10,0,0,0
5,10,0,0,0
6,10,0,0,0
7,10,0,0,0
8,10,0,0,0
9,10,0,0,0
10,10,0,0,0
11,10,0,0,0
12,10,0,0,0
13,10,0,0,0
14,10,0,0,0
15,10,0,0,0
16,10,0,0,0
17,10,0,0,0
18,10,0,0,0
19,10,0,0,0
20,10,0,0,0
21,10,0,0,0
22,10,0,0,0
23,10,0,0,0
24,10,0,0,0
25,10,0,0,0
26,10,0,0,0
27,10,0,0,0
28,10,0,0,0
29,10,0,0,0
30,10,0,0,0
31,10,0,0,0
32,10,0,0,0
33,10,0,0,0
34,10,0,0,0
35,10,0,0,0
36,10,0,0,0
37,10,0,0,0
38,10,0,0,0
39,10,0,0,0
40,10,0,0,0
41,10,0,0,0
42,10,0,0,0
43,10,0,0,0
44,10,0,0,0
45,10,0,0,0
46,10,0,0,0
47,10,0,0,0
48,10,0,0,0
49,10,0,0,0
50,10,0,0,0
51,10,0,0,0
52,10,0,0,0
53,10,0,0,0
54,10,0,0,0
55,10,0,0,0
56,10,0,0,0
57,10,0,0,0
58,10,0,0,0
59,10,0,0,0
60,10,0,0,0
61,10,0,0,0
62,10,0,0,0
63,10,0,0,0
64,10,0,0,0
65,10,0,0,0
66,10,0,0,0
67,10,0,0,0
68,10,0,0,0
69,10,0,0,0
70,10,0,0,0
71,10,0,0,0
72,10,0,0,0
73,10,0,0,0
74,10,0,0,0
75,10,0,0,0
76,10,0,0,0
77,10,0,0,0
78,10,0,0,0
79,10,0,0,0
80,10,0,0,0
81,10,0,0,0
82,10,0,0,0
83,10,0,0,0
84,10,0,0,0
1,11,3668,0,0
2,11,17,0,0
3,11,0,0,0
4,11,11617,0,0
5,11,143,0,0
6,11,4,0,0
7,11,1392,0,0
8,11,127,0,0
9,11,0,0,0
10,11,0,0,0
11,11,0,0,0
12,11,2,0,0
13,11,0,0,0
14,11,86,0,0
15,11,457,0,0
16,11,1201,118,6
17,11,0,0,0
18,11,8060,0,0
19,11,2,0,0
20,11,129,0,0
21,11,1229,3,0
22,11,393,0,0
23,11,16,0,0
24,11,203,0,0
25,11,127,0,0
26,11,0,0,0
27,11,1975,2,0
28,11,1,0,0
29,11,0,0,0
30,11,148,0,0
31,11,1291,15,0
32,11,1356,0,0
33,11,44,0,0
34,11,7,0,0
35,11,9,0,0
36,11,1318,0,0
37,11,22,0,0
38,11,0,0,0
39,11,0,0,0
40,11,2,0,0
41,11,0,0,0
42,11,97,0,0
43,11,142,0,0
44,11,1550,0,0
45,11,0,0,0
46,11,6873,0,0
47,11,35,0,0
48,11,2,0,0
49,11,1969,0,0
50,11,0,0,0
51,11,9,0,0
52,11,3339,0,0
53,11,0,0,0
54,11,3,0,0
55,11,33,0,0
56,11,2,0,0
57,11,672,0,0
58,11,190,0,0
59,11,116,0,0
60,11,2,0,0
61,11,634,0,0
62,11,72,0,0
63,11,9,3,0
64,11,211,0,0
65,11,10,0,0
66,11,1,0,0
67,11,1,0,0
68,11,5,0,0
69,11,5,0,0
70,11,789,0,0
71,11,3264,0,0
72,11,7,0,0
73,11,0,0,0
74,11,1,0,0
75,11,49,0,0
76,11,827,0,0
77,11,1,0,0
78,11,1,0,0
79,11,106,0,0
80,11,2562,0,0
81,11,0,0,0
82,11,0,0,0
83,11,0,0,0
84,11,0,0,0
1,12,0,0,0
2,12,2,0,0
3,12,0,0,0
4,12,4,0,0
5,12,16,0,0
6,12,4,0,0
7,12,0,0,0
8,12,0,0,0
9,12,0,0,0
10,12,9,0,0
11,12,0,0,0
12,12,1,0,0
13,12,0,0,0
14,12,15,0,0
15,12,18,0,0
16,12,0,0,0
17,12,0,0,0
18,12,151,0,0
19,12,5,0,0
20,12,0,0,0
21,12,4,0,0
22,12,263,0,0
23,12,7,0,0
24,12,0,0,0
25,12,2,0,0
26,12,0,0,0
27,12,9,0,0
28,12,19,0,0
29,12,8,0,0
30,12,1,0,0
31,12,1,0,0
32,12,615,0,0
33,12,1,0,0
34,12,328,0,0
35,12,96,0,0
36,12,24,0,0
37,12,1401,0,0
38,12,0,0,0
39,12,0,0,0
40,12,2,0,0
41,12,0,0,0
42,12,0,0,0
43,12,2,0,0
44,12,7,19,0
45,12,1,0,0
46,12,8,0,0
47,12,1,0,0
48,12,4,0,0
49,12,18,0,0
50,12,4,0,0
51,12,337,12,0
52,12,1,0,0
53,12,0,0,0
54,12,114,0,0
55,12,3,281,0
56,12,0,0,0
57,12,0,0,0
58,12,7,0,0
59,12,2,0,0
60,12,956,1,0
61,12,1,0,0
62,12,1529,0,0
63,12,0,0,0
64,12,9,0,0
65,12,3137,0,0
66,12,4,0,0
67,12,565,0,0
68,12,18,0,0
69,12,7,0,0
70,12,2,0,0
71,12,11,0,0
72,12,70,0,0
73,12,0,0,0
74,12,62,0,0
75,12,41,0,0
76,12,1,0,0
77,12,0,0,0
78,12,3,0,0
79,12,12,0,0
80,12,2,0,0
81,12,0,0,0
82,12,0,0,0
83,12,0,0,0
84,12,0,0,0
1,13,0,0,0
2,13,0,0,0
3,13,0,0,0
4,13,0,0,0
5,13,0,0,0
6,13,0,0,0
7,13,0,0,0
8,13,0,0,0
9,13,0,0,0
10,13,0,0,0
11,13,0,0,0
12,13,0,0,0
13,13,0,0,0
14,13,0,0,0
15,13,0,0,0
16,13,0,0,0
17,13,0,0,0
18,13,0,0,0
19,13,0,0,0
20,13,0,0,0
21,13,0,0,0
22,13,0,0,0
23,13,0,0,0
24,13,0,0,0
25,13,0,0,0
26,13,0,0,0
27,13,0,0,0
28,13,0,0,0
29,13,0,0,0
30,13,0,0,0
31,13,0,0,0
32,13,0,0,0
33,13,0,0,0
34,13,0,0,0
35,13,0,0,0
36,13,0,0,0
37,13,0,0,0
38,13,0,0,0
39,13,0,0,0
40,13,0,0,0
41,13,0,0,0
42,13,0,0,0
43,13,0,0,0
44,13,0,0,0
45,13,0,0,0
46,13,0,0,0
47,13,0,0,0
48,13,0,0,0
49,13,0,0,0
50,13,0,0,0
51,13,0,0,0
52,13,0,0,0
53,13,0,0,0
54,13,0,0,0
55,13,0,0,0
56,13,0,0,0
57,13,0,0,0
58,13,0,0,0
59,13,0,0,0
60,13,0,0,0
61,13,0,0,0
62,13,0,0,0
63,13,0,0,0
64,13,0,0,0
65,13,0,0,0
66,13,0,0,0
67,13,0,0,0
68,13,0,0,0
69,13,0,0,0
70,13,0,0,0
71,13,0,0,0
72,13,0,0,0
73,13,0,0,0
74,13,0,0,0
75,13,0,0,0
76,13,0,0,0
77,13,0,0,0
78,13,0,0,0
79,13,0,0,0
80,13,0,0,0
81,13,0,0,0
82,13,0,0,0
83,13,0,0,0
84,13,0,0,0
1,14,2984,0,0
2,14,1332,0,0
3,14,0,0,0
4,14,43,0,0
5,14,116,0,0
6,14,174,0,0
7,14,1,0,0
8,14,21,0,0
9,14,10,0,0
10,14,42,0,0
11,14,36,0,0
12,14,0,0,0
13,14,0,0,0
14,14,0,21,0
15,14,87,0,0
16,14,13,0,0
17,14,0,0,0
18,14,46,0,0
19,14,86,0,0
20,14,28,0,0
21,14,104,0,0
22,14,133,0,0
23,14,296,0,0
24,14,39,0,0
25,14,115,0,0
26,14,3,0,0
27,14,71,0,0
28,14,25,0,0
29,14,83,0,0
30,14,59,0,0
31,14,249,0,0
32,14,103,0,0
33,14,0,0,0
34,14,23,0,0
35,14,41,0,0
36,14,110,0,0
37,14,7,0,0
38,14,4,0,0
39,14,0,0,0
40,14,27,0,0
41,14,3,0,0
42,14,46,0,0
43,14,177,0,0
44,14,437,8,0
45,14,3,0,0
46,14,89,3,0
47,14,129,0,0
48,14,8,0,0
49,14,0,0,0
50,14,198,0,0
51,14,102,0,0
52,14,69,0,0
53,14,0,0,0
54,14,114,0,0
55,14,391,0,0
56,14,1,0,0
57,14,999,0,0
58,14,54,0,0
59,14,40,0,0
60,14,3,0,0
61,14,393,0,0
62,14,46,0,0
63,14,1,0,0
64,14,78,0,0
65,14,10,0,0
66,14,8,0,0
67,14,5,0,0
68,14,24,0,0
69,14,85,0,0
70,14,20,0,0
71,14,739,0,0
72,14,222,0,0
73,14,0,0,0
74,14,0,0,0
75,14,30,0,0
76,14,8,0,0
77,14,2,0,0
78,14,81,0,0
79,14,8,0,0
80,14,13,0,0
81,14,0,0,0
82,14,0,0,0
83,14,0,0,0
84,14,0,0,0
1,15,8,0,0
2,15,7,0,0
3,15,0,0,0
4,15,253,0,0
5,15,75,0,0
6,15,114,0,0
7,15,68,0,0
8,15,1,0,0
9,15,24,0,0
10,15,1,0,0
11,15,121,0,0
12,15,4,0,0
13,15,0,0,0
14,15,29,0,0
15,15,0,0,0
16,15,63,0,0
17,15,0,0,0
18,15,580,0,0
19,15,60,2,0
20,15,9,0,0
21,15,56,0,0
22,15,207,0,0
23,15,8,0,0
24,15,3,0,0
25,15,13,0,0
26,15,9,0,0
27,15,35,0,0
28,15,25,0,0
29,15,269,0,0
30,15,9,0,0
31,15,29,0,0
32,15,181,0,0
33,15,7,0,0
34,15,91,0,0
35,15,82,0,0
36,15,2,0,0
37,15,73,0,0
38,15,4,0,0
39,15,0,0,0
40,15,40,0,0
41,15,0,0,0
42,15,7,0,0
43,15,82,0,0
44,15,66,0,0
45,15,4,0,0
46,15,122,0,0
47,15,33,0,0
48,15,5500,20,18
49,15,214,0,0
50,15,108,0,0
51,15,6,0,0
52,15,134,0,0
53,15,0,0,0
54,15,47,0,0
55,15,1,0,0
56,15,23,0,0
57,15,8,0,0
58,15,19,0,0
59,15,18,0,0
60,15,18,0,0
61,15,0,0,0
62,15,208,0,0
63,15,0,0,0
64,15,187,0,0
65,15,26,0,0
66,15,34,0,0
67,15,138,26,0
68,15,99,0,0
69,15,316,0,0
70,15,26,0,0
71,15,121,0,0
72,15,799,0,0
73,15,0,0,0
74,15,0,0,0
75,15,446,0,0
76,15,7,0,0
77,15,1,0,0
78,15,83,0,0
79,15,92,0,0
80,15,3,0,0
81,15,0,0,0
82,15,0,0,0
83,15,0,0,0
84,15,0,0,0
1,16,160,0,0
2,16,7,0,0
3,16,0,0,0
4,16,4313,1,0
5,16,127,0,0
6,16,22,0,0
7,16,205,0,0
8,16,8,0,0
9,16,0,0,0
10,16,1,0,0
11,16,226,237,0
12,16,0,0,0
13,16,0,0,0
14,16,23,0,0
15,16,48,0,0
16,16,0,0,0
17,16,0,0,0
18,16,2543,0,0
19,16,0,0,0
20,16,25,0,0
21,16,2006,3,23
22,16,60,0,0
23,16,3,0,0
24,16,145,5,140
25,16,728,0,0
26,16,0,0,0
27,16,1870,0,0
28,16,4,0,0
29,16,1,0,0
30,16,149,0,0
31,16,1071,16,1022
32,16,758,0,0
33,16,25,0,0
34,16,10,0,0
35,16,0,0,0
36,16,1089,0,0
37,16,13,0,0
38,16,0,0,0
39,16,0,0,0
40,16,0,0,0
41,16,0,0,0
42,16,77,0,0
43,16,74,0,0
44,16,358,0,0
45,16,0,0,0
46,16,1808,0,0
47,16,6,0,0
48,16,0,0,0
49,16,888,0,0
50,16,3,0,0
51,16,4,0,0
52,16,471,0,0
53,16,0,0,0
54,16,1,0,0
55,16,4,0,0
56,16,0,0,0
57,16,33,0,0
58,16,212,0,0
59,16,56,0,0
60,16,0,0,0
61,16,159,0,0
62,16,2,0,0
63,16,4,3,0
64,16,351,0,0
65,16,1,0,0
66,16,2,0,0
67,16,0,0,0
68,16,3,0,0
69,16,1,0,0
70,16,1156,0,0
71,16,406,0,0
72,16,4,0,0
73,16,0,0,0
74,16,0,0,0
75,16,7,0,0
76,16,9,0,0
77,16,2,0,0
78,16,0,0,0
79,16,7,0,0
80,16,1021,0,0
81,16,0,0,0
82,16,0,0,0
83,16,0,0,0
84,16,0,0,0
1,17,0,0,0
2,17,0,0,0
3,17,0,0,0
4,17,0,0,0
5,17,0,0,0
6,17,0,0,0
7,17,0,0,0
8,17,0,0,0
9,17,0,0,0
10,17,0,0,0
11,17,0,0,0
12,17,0,0,0
13,17,0,0,0
14,17,0,0,0
15,17,0,0,0
16,17,0,0,0
17,17,0,0,0
18,17,0,0,0
19,17,0,0,0
20,17,0,0,0
21,17,0,0,0
22,17,0,0,0
23,17,0,0,0
24,17,0,0,0
25,17,0,0,0
26,17,0,0,0
27,17,0,0,0
28,17,0,0,0
29,17,0,0,0
30,17,0,0,0
31,17,0,0,0
32,17,0,0,0
33,17,0,0,0
34,17,0,0,0
35,17,0,0,0
36,17,0,0,0
37,17,0,0,0
38,17,0,0,0
39,17,0,0,0
40,17,0,0,0
41,17,0,0,0
42,17,0,0,0
43,17,0,0,0
44,17,0,0,0
45,17,0,0,0
46,17,0,0,0
47,17,0,0,0
48,17,0,0,0
49,17,0,0,0
50,17,0,0,0
51,17,0,0,0
52,17,0,0,0
53,17,0,0,0
54,17,0,0,0
55,17,0,0,0
56,17,0,0,0
57,17,0,0,0
58,17,0,0,0
59,17,0,0,0
60,17,0,0,0
61,17,0,0,0
62,17,0,0,0
63,17,0,0,0
64,17,0,0,0
65,17,0,0,0
66,17,0,0,0
67,17,0,0,0
68,17,0,0,0
69,17,0,0,0
70,17,0,0,0
71,17,0,0,0
72,17,0,0,0
73,17,0,0,0
74,17,0,0,0
75,17,0,0,0
76,17,0,0,0
77,17,0,0,0
78,17,0,0,0
79,17,0,0,0
80,17,0,0,0
81,17,0,0,0
82,17,0,0,0
83,17,0,0,0
84,17,0,0,0
1,18,2,0,0
2,18,9,0,0
3,18,0,0,0
4,18,2884,0,0
5,18,55,0,0
6,18,18,0,0
7,18,429,0,0
8,18,1,0,0
9,18,1,0,0
10,18,1,0,0
11,18,2508,0,0
12,18,113,0,0
13,18,0,0,0
14,18,19,0,0
15,18,488,2,0
16,18,707,0,0
17,18,0,0,0
18,18,0,0,14
19,18,234,9,0
20,18,16,0,0
21,18,43,0,0
22,18,4240,0,0
23,18,39,5,0
24,18,2,0,0
25,18,1247,0,0
26,18,34,2,0
27,18,49,0,0
28,18,12,0,0
29,18,216,0,0
30,18,30,0,0
31,18,49,0,0
32,18,8561,0,0
33,18,3,0,0
34,18,18,0,0
35,18,2172,0,0
36,18,968,0,0
37,18,260,0,0
38,18,0,0,0
39,18,0,0,0
40,18,19,0,0
41,18,2,0,0
42,18,3,0,0
43,18,69,0,0
44,18,189,13,10
45,18,1,0,0
46,18,6977,0,0
47,18,44,0,0
48,18,16,2,0
49,18,2374,0,0
50,18,13,0,0
51,18,0,0,0
52,18,97,0,0
53,18,0,0,0
54,18,52,0,0
55,18,2,0,0
56,18,1,0,0
57,18,3,0,0
58,18,13,0,0
59,18,36,0,0
60,18,813,0,0
61,18,0,0,0
62,18,1017,0,0
63,18,1,0,0
64,18,9,0,0
65,18,10,0,0
66,18,5,0,0
67,18,499,7,0
68,18,86,0,0
69,18,208,0,0
70,18,32,0,0
71,18,1271,5,0
72,18,1006,21,0
73,18,0,0,0
74,18,0,0,0
75,18,158,0,0
76,18,797,0,0
77,18,4,0,0
78,18,21,0,0
79,18,62,0,0
80,18,2,0,0
81,18,0,0,0
82,18,0,0,0
83,18,0,0,0
84,18,0,0,0
1,19,8,0,0
2,19,0,0,0
3,19,0,0,0
4,19,190,0,0
5,19,341,0,0
6,19,185,0,0
7,19,0,0,0
8,19,10,0,0
9,19,553,0,0
10,19,24,26,0
11,19,3,0,0
12,19,2,0,0
13,19,0,0,0
14,19,200,0,0
15,19,226,4,0
16,19,3,0,0
17,19,0,0,0
18,19,2915,7,0
19,19,0,0,0
20,19,26,0,0
21,19,83,0,0
22,19,3637,20,0
23,19,4146,3,0
24,19,10,0,0
25,19,2,0,0
26,19,57,1,0
27,19,34,0,0
28,19,58,0,0
29,19,2493,4,0
30,19,44,0,0
31,19,12,0,0
32,19,2060,0,0
33,19,42,0,0
34,19,38,0,0
35,19,251,0,0
36,19,819,0,0
37,19,121,0,0
38,19,3,0,0
39,19,0,0,0
40,19,67,0,0
41,19,0,0,0
42,19,29,0,0
43,19,26,0,0
44,19,2992,4,0
45,19,57,0,0
46,19,362,0,0
47,19,121,0,0
48,19,30,0,0
49,19,1203,0,0
50,19,176,0,0
51,19,10,0,0
52,19,51,0,0
53,19,0,0,0
54,19,360,0,0
55,19,189,0,0
56,19,21,0,0
57,19,3,0,0
58,19,8,0,0
59,19,49,0,0
60,19,169,0,0
61,19,2,0,0
62,19,67,0,0
63,19,0,0,0
64,19,29,0,0
65,19,6,0,0
66,19,11,0,0
67,19,478,0,0
68,19,877,0,0
69,19,1493,0,0
70,19,29,0,0
71,19,145,0,0
72,19,4283,6,0
73,19,0,0,0
74,19,1,0,0
75,19,510,0,0
76,19,19,0,0
77,19,0,0,0
78,19,124,0,0
79,19,267,0,0
80,19,21,0,0
81,19,0,0,0
82,19,0,0,0
83,19,0,0,0
84,19,0,0,0
1,20,1213,0,0
2,20,139,0,0
3,20,0,0,0
4,20,199,0,0
5,20,951,0,0
6,20,277,0,0
7,20,35,0,0
8,20,401,0,0
9,20,16,0,0
10,20,4,0,0
11,20,251,0,0
12,20,108,0,0
13,20,0,0,0
14,20,158,0,0
15,20,50,0,0
16,20,548,0,0
17,20,0,0,0
18,20,136,0,0
19,20,25,0,0
20,20,0,0,0
21,20,2302,0,0
22,20,198,2,0
23,20,3977,1,0
24,20,1664,0,0
25,20,81,0,0
26,20,0,0,0
27,20,2249,0,0
28,20,117,0,0
29,20,118,0,0
30,20,7416,212,60
31,20,5964,0,0
32,20,38,0,0
33,20,167,0,0
34,20,472,0,0
35,20,56,0,0
36,20,839,9,0
37,20,53,0,0
38,20,4,0,0
39,20,0,0,0
40,20,6,0,0
41,20,0,0,0
42,20,1886,54,0
43,20,121,0,0
44,20,6737,0,0
45,20,0,0,0
46,20,277,10,0
47,20,1048,0,0
48,20,10,0,0
49,20,19,0,0
50,20,162,0,0
51,20,445,0,0
52,20,623,0,0
53,20,0,0,0
54,20,80,0,0
55,20,2224,0,0
56,20,39,0,0
57,20,185,0,0
58,20,2110,0,0
59,20,1188,0,0
60,20,23,0,0
61,20,98,0,0
62,20,162,0,0
63,20,7,0,0
64,20,532,0,0
65,20,9,0,0
66,20,1584,0,0
67,20,8,0,0
68,20,198,0,0
69,20,63,0,0
70,20,2664,0,0
71,20,1049,4,0
72,20,446,0,0
73,20,0,0,0
74,20,0,0,0
75,20,100,0,0
76,20,66,0,0
77,20,21,0,0
78,20,76,0,0
79,20,120,0,0
80,20,116,0,0
81,20,0,0,0
82,20,0,0,0
83,20,0,0,0
84,20,0,0,0
1,21,519,0,0
2,21,29,0,0
3,21,0,0,0
4,21,634,16,6
5,21,590,0,0
6,21,16,0,0
7,21,39,0,0
8,21,1913,0,0
9,21,5,0,0
10,21,0,0,0
11,21,440,2,0
12,21,11,0,0
13,21,0,0,0
14,21,43,0,0
15,21,50,0,0
16,21,1241,1,6
17,21,0,0,0
18,21,30,0,0
19,21,1,0,0
20,21,143,0,0
21,21,0,0,9
22,21,30,0,0
23,21,60,0,0
24,21,285,6,0
25,21,15,0,0
26,21,3,0,0
27,21,11611,17,3
28,21,14,0,0
29,21,74,0,0
30,21,339,0,0
31,21,6151,14,45
32,21,4,0,0
33,21,46,0,0
34,21,943,0,0
35,21,9,0,0
36,21,76,0,0
37,21,11,0,0
38,21,0,0,0
39,21,0,0,0
40,21,0,0,0
41,21,1,0,0
42,21,918,0,0
43,21,177,0,0
44,21,598,1,0
45,21,1,0,0
46,21,30,0,0
47,21,980,0,0
48,21,2,0,0
49,21,16,0,0
50,21,1,0,0
51,21,16,0,0
52,21,834,4,0
53,21,0,0,0
54,21,8,0,0
55,21,58,1,0
56,21,30,0,2
57,21,341,1,0
58,21,1010,0,0
59,21,856,0,0
60,21,21,0,0
61,21,26,0,0
62,21,109,0,0
63,21,17,40,0
64,21,910,0,0
65,21,0,0,0
66,21,29,0,0
67,21,7,2,0
68,21,232,0,0
69,21,16,0,0
70,21,7443,0,0
71,21,165,0,0
72,21,223,0,0
73,21,0,0,0
74,21,2,0,0
75,21,33,0,0
76,21,15,0,0
77,21,7,0,0
78,21,1,0,0
79,21,64,0,0
80,21,98,0,0
81,21,0,0,0
82,21,0,0,0
83,21,0,0,0
84,21,0,0,0
1,22,2,0,0
2,22,1,0,0
3,22,0,0,0
4,22,52,0,0
5,22,33,0,0
6,22,15,1,0
7,22,0,0,0
8,22,3,0,0
9,22,9,0,0
10,22,2,0,0
11,22,128,0,0
12,22,17,0,0
13,22,0,0,0
14,22,11,0,0
15,22,169,0,0
16,22,3,0,0
17,22,0,0,0
18,22,5253,1,0
19,22,1416,17,0
20,22,16,1,0
21,22,35,0,0
22,22,26,76,0
23,22,62,0,0
24,22,14,0,0
25,22,13,0,0
26,22,12,0,0
27,22,62,0,0
28,22,10,0,0
29,22,110,0,0
30,22,42,0,0
31,22,24,0,0
32,22,3419,0,0
33,22,5,0,0
34,22,56,0,0
35,22,706,0,0
36,22,863,6,0
37,22,88,0,0
38,22,0,0,0
39,22,0,0,0
40,22,18,0,0
41,22,0,0,0
42,22,5,0,0
43,22,24,1,0
44,22,363,8,0
45,22,0,0,0
46,22,1697,0,0
47,22,32,0,0
48,22,4,0,0
49,22,824,0,0
50,22,9,1,0
51,22,181,0,0
52,22,30,0,0
53,22,0,0,0
54,22,26,0,0
55,22,5,0,0
56,22,7,0,0
57,22,0,0,0
58,22,69,0,0
59,22,12,0,0
60,22,244,0,0
61,22,6,0,0
62,22,223,0,0
63,22,0,0,0
64,22,159,0,0
65,22,116,0,0
66,22,6,0,0
67,22,1128,0,0
68,22,62,0,0
69,22,198,0,0
70,22,30,0,0
71,22,48,0,0
72,22,425,2,0
73,22,0,0,0
74,22,2,0,0
75,22,57,0,0
76,22,65,0,0
77,22,0,0,0
78,22,52,0,0
79,22,24,0,0
80,22,2,0,0
81,22,0,0,0
82,22,0,0,0
83,22,0,0,0
84,22,0,0,0
1,23,16,0,0
2,23,135,0,0
3,23,0,0,0
4,23,106,0,0
5,23,1277,2,0
6,23,295,1,0
7,23,1,0,0
8,23,20,0,0
9,23,145,0,0
10,23,5,0,0
11,23,13,0,0
12,23,79,1,0
13,23,0,0,0
14,23,299,0,0
15,23,30,0,0
16,23,0,0,0
17,23,0,0,0
18,23,177,4,0
19,23,510,2,0
20,23,1410,1,0
21,23,190,0,0
22,23,537,0,0
23,23,0,2,12
24,23,76,0,0
25,23,203,0,0
26,23,0,0,0
27,23,211,46,0
28,23,142,0,0
29,23,304,0,0
30,23,2533,0,0
31,23,57,2,0
32,23,87,0,0
33,23,133,0,0
34,23,484,0,0
35,23,136,0,0
36,23,1833,0,0
37,23,88,0,0
38,23,222,0,0
39,23,0,0,0
40,23,14,0,0
41,23,0,0,0
42,23,138,0,0
43,23,47,0,0
44,23,6473,8,0
45,23,18,0,0
46,23,1125,2,0
47,23,661,0,0
48,23,1,0,0
49,23,5,0,0
50,23,126,0,0
51,23,863,0,0
52,23,17,0,0
53,23,0,0,0
54,23,46,0,0
55,23,4282,0,0
56,23,5,0,0
57,23,21,0,0
58,23,23,0,0
59,23,118,2,0
60,23,11,0,0
61,23,1,0,0
62,23,24,0,0
63,23,0,0,0
64,23,247,0,0
65,23,0,0,0
66,23,1347,0,0
67,23,12,0,0
68,23,74,0,0
69,23,239,0,0
70,23,74,0,0
71,23,886,0,0
72,23,277,1,0
73,23,0,0,0
74,23,16,0,0
75,23,270,3,0
76,23,864,0,0
77,23,14,0,0
78,23,53,0,0
79,23,301,2,0
80,23,36,0,0
81,23,0,0,0
82,23,0,0,0
83,23,0,0,0
84,23,0,0,0
1,24,7337,0,0
2,24,203,0,0
3,24,0,0,0
4,24,3510,14,0
5,24,253,0,0
6,24,11,0,0
7,24,482,0,0
8,24,208,0,0
9,24,0,0,0
10,24,0,0,0
11,24,458,15,0
12,24,0,0,0
13,24,0,0,0
14,24,32,0,0
15,24,26,0,0
16,24,313,0,2
17,24,0,0,0
18,24,11,0,0
19,24,1,0,0
20,24,819,0,0
21,24,2101,8,0
22,24,46,0,0
23,24,171,0,0
24,24,0,0,57
25,24,1,0,0
26,24,0,0,0
27,24,2249,8,15
28,24,19,0,0
29,24,27,0,0
30,24,1512,0,0
31,24,6335,34,195
32,24,19,0,0
33,24,65,0,0
34,24,9,0,0
35,24,0,0,0
36,24,566,0,0
37,24,30,0,0
38,24,0,0,0
39,24,0,0,0
40,24,4,0,0
41,24,0,0,0
42,24,143,0,0
43,24,35,0,0
44,24,2665,0,0
45,24,0,0,0
46,24,34,0,0
47,24,115,0,0
48,24,2,0,0
49,24,2,0,0
50,24,4,0,0
51,24,3,0,0
52,24,2077,4,0
53,24,0,0,0
54,24,3,0,0
55,24,1014,0,0
56,24,39,2,3
57,24,2906,0,0
58,24,5527,222,1006
59,24,122,0,0
60,24,8,0,0
61,24,1615,0,0
62,24,42,0,0
63,24,5,2,0
64,24,481,0,0
65,24,2,0,0
66,24,12,0,0
67,24,4,0,0
68,24,5,0,0
69,24,6,0,0
70,24,806,0,0
71,24,182,0,0
72,24,10,0,0
73,24,0,0,0
74,24,0,0,0
75,24,18,0,0
76,24,6,0,0
77,24,2,0,0
78,24,46,0,0
79,24,12,0,0
80,24,466,0,0
81,24,0,0,0
82,24,0,0,0
83,24,0,0,0
84,24,0,0,0
1,25,2,0,0
2,25,144,134,0
3,25,0,0,0
4,25,16,0,0
5,25,27,0,0
6,25,0,0,0
7,25,0,0,0
8,25,0,0,0
9,25,0,0,0
10,25,0,0,0
11,25,54,0,0
12,25,0,0,0
13,25,0,0,0
14,25,102,0,0
15,25,4,0,0
16,25,10,0,0
17,25,0,0,0
18,25,138,0,0
19,25,0,0,0
20,25,3,0,0
21,25,7,0,0
22,25,1,0,0
23,25,8,0,0
24,25,0,0,0
25,25,0,25,0
26,25,0,0,0
27,25,0,0,0
28,25,10,0,0
29,25,0,0,0
30,25,7,0,0
31,25,0,0,0
32,25,87,0,0
33,25,0,0,0
34,25,23,0,0
35,25,9,0,0
36,25,56,0,0
37,25,0,0,0
38,25,1,0,0
39,25,0,0,0
40,25,0,0,0
41,25,0,0,0
42,25,3,0,0
43,25,0,0,0
44,25,3,0,0
45,25,0,0,0
46,25,226,0,0
47,25,6,0,0
48,25,0,0,0
49,25,0,0,0
50,25,0,0,0
51,25,17,0,0
52,25,0,0,0
53,25,0,0,0
54,25,1,0,0
55,25,0,14,0
56,25,0,0,0
57,25,10,0,0
58,25,0,0,0
59,25,1,0,0
60,25,0,0,0
61,25,0,0,0
62,25,0,0,0
63,25,0,0,0
64,25,0,0,0
65,25,0,0,0
66,25,3,0,0
67,25,0,0,0
68,25,5,0,0
69,25,0,0,0
70,25,0,0,0
71,25,2,0,0
72,25,0,0,0
73,25,0,0,0
74,25,0,0,0
75,25,0,0,0
76,25,0,0,0
77,25,0,0,0
78,25,0,0,0
79,25,0,0,0
80,25,0,0,0
81,25,0,0,0
82,25,0,0,0
83,25,0,0,0
84,25,0,0,0
1,26,0,0,0
2,26,0,0,0
3,26,0,0,0
4,26,0,0,0
5,26,0,0,0
6,26,0,0,0
7,26,0,0,0
8,26,0,0,0
9,26,0,0,0
10,26,0,0,0
11,26,0,0,0
12,26,0,0,0
13,26,0,0,0
14,26,0,0,0
15,26,0,0,0
16,26,0,0,0
17,26,0,0,0
18,26,0,5,0
19,26,0,1,0
20,26,0,0,0
21,26,0,0,0
22,26,0,0,0
23,26,0,0,0
24,26,0,0,0
25,26,0,0,0
26,26,0,6,12
27,26,0,0,1
28,26,0,0,0
29,26,0,0,0
30,26,0,1,0
31,26,0,0,0
32,26,0,0,0
33,26,0,0,0
34,26,0,0,0
35,26,0,0,0
36,26,0,0,0
37,26,0,0,0
38,26,0,0,0
39,26,0,0,0
40,26,0,0,0
41,26,0,0,0
42,26,0,0,0
43,26,0,0,0
44,26,0,0,0
45,26,0,0,0
46,26,0,0,0
47,26,0,0,0
48,26,0,0,0
49,26,0,0,0
50,26,0,0,0
51,26,0,0,0
52,26,0,0,0
53,26,0,0,0
54,26,0,0,0
55,26,0,0,0
56,26,0,0,0
57,26,0,0,0
58,26,0,0,0
59,26,0,0,0
60,26,0,0,0
61,26,0,0,0
62,26,0,0,0
63,26,0,0,0
64,26,0,0,0
65,26,0,0,0
66,26,0,0,0
67,26,0,0,0
68,26,0,0,0
69,26,0,0,0
70,26,0,0,0
71,26,0,0,0
72,26,0,0,0
73,26,0,0,0
74,26,0,0,0
75,26,0,0,0
76,26,0,0,0
77,26,0,0,0
78,26,0,0,0
79,26,0,0,0
80,26,0,0,0
81,26,0,0,0
82,26,0,0,0
83,26,0,0,0
84,26,0,0,0
1,27,59,0,0
2,27,6,0,0
3,27,0,0,0
4,27,113,6,0
5,27,111,0,0
6,27,6,0,0
7,27,4,0,0
8,27,454,0,0
9,27,0,0,0
10,27,0,0,0
11,27,112,0,0
12,27,0,0,0
13,27,0,0,0
14,27,2,0,0
15,27,1,0,0
16,27,252,0,0
17,27,0,0,0
18,27,9,0,0
19,27,1,0,0
20,27,15,0,0
21,27,1498,27,1
22,27,32,0,0
23,27,12,20,0
24,27,48,10,4
25,27,0,0,0
26,27,0,0,0
27,27,1,0,0
28,27,32,0,0
29,27,40,0,0
30,27,9,0,0
31,27,1379,18,0
32,27,4,0,0
33,27,4,0,0
34,27,14,0,0
35,27,1,0,0
36,27,12,0,0
37,27,23,0,0
38,27,0,0,0
39,27,0,0,0
40,27,1,0,0
41,27,26,0,0
42,27,317,0,0
43,27,19,0,0
44,27,69,0,0
45,27,0,0,0
46,27,3,0,0
47,27,53,0,0
48,27,1,0,0
49,27,0,0,0
50,27,3,0,0
51,27,6,0,0
52,27,151,0,0
53,27,0,0,0
54,27,18,0,0
55,27,43,0,0
56,27,19,0,0
57,27,42,0,0
58,27,94,0,0
59,27,325,0,0
60,27,0,0,0
61,27,25,0,0
62,27,40,0,0
63,27,0,0,0
64,27,72,0,0
65,27,1,0,0
66,27,0,0,0
67,27,0,0,0
68,27,0,0,0
69,27,8,0,0
70,27,2343,0,0
71,27,77,0,0
72,27,22,0,0
73,27,0,0,0
74,27,0,0,0
75,27,3,0,0
76,27,1,0,0
77,27,37,0,0
78,27,0,0,0
79,27,3,0,0
80,27,5,0,0
81,27,0,0,0
82,27,0,0,0
83,27,0,0,0
84,27,0,0,0
1,28,13,0,0
2,28,3,0,0
3,28,0,0,0
4,28,49,0,0
5,28,63,0,0
6,28,0,0,0
7,28,1,0,0
8,28,3,0,0
9,28,0,0,0
10,28,8,0,0
11,28,1,2,0
12,28,0,0,0
13,28,0,0,0
14,28,12,0,0
15,28,50,0,0
16,28,4,0,0
17,28,0,0,0
18,28,17,0,0
19,28,17,0,0
20,28,9,0,0
21,28,9,0,0
22,28,46,0,0
23,28,128,0,0
24,28,2,0,0
25,28,31,0,0
26,28,0,0,0
27,28,49,0,0
28,28,0,0,0
29,28,58,0,0
30,28,29,0,0
31,28,11,0,0
32,28,2,0,0
33,28,2,0,0
34,28,86,0,0
35,28,13,0,0
36,28,42,0,0
37,28,23,0,0
38,28,1,0,0
39,28,0,0,0
40,28,4,0,0
41,28,23,0,0
42,28,6,0,0
43,28,10,0,0
44,28,72,0,0
45,28,0,0,0
46,28,9,0,0
47,28,89,0,0
48,28,8,0,0
49,28,0,0,0
50,28,0,0,0
51,28,15,0,0
52,28,70,0,0
53,28,0,0,0
54,28,35,0,0
55,28,53,24,0
56,28,25,0,0
57,28,18,0,0
58,28,8,0,0
59,28,37,0,0
60,28,1,0,0
61,28,13,0,0
62,28,65,0,0
63,28,0,0,0
64,28,38,0,0
65,28,2,0,0
66,28,11,0,0
67,28,10,1,0
68,28,46,0,0
69,28,57,0,0
70,28,34,0,0
71,28,75,0,0
72,28,148,0,0
73,28,0,0,0
74,28,1,0,0
75,28,32,0,0
76,28,5,0,0
77,28,0,0,0
78,28,0,0,0
79,28,16,0,0
80,28,0,0,0
81,28,0,0,0
82,28,0,0,0
83,28,0,0,0
84,28,0,0,0
1,29,7,0,0
2,29,5,1,0
3,29,0,0,0
4,29,46,0,0
5,29,863,0,0
6,29,33,0,0
7,29,16,0,0
8,29,0,0,0
9,29,28,0,0
10,29,36,0,0
11,29,1,0,0
12,29,1,0,0
13,29,0,0,0
14,29,68,0,0
15,29,175,0,0
16,29,0,0,0
17,29,0,0,0
18,29,91,0,0
19,29,325,1,0
20,29,15,0,0
21,29,84,0,0
22,29,763,0,0
23,29,105,0,0
24,29,2,0,0
25,29,1,0,0
26,29,2,0,0
27,29,71,0,0
28,29,24,0,0
29,29,0,0,1
30,29,6,0,0
31,29,67,0,0
32,29,156,0,0
33,29,2,0,0
34,29,6,0,0
35,29,118,0,0
36,29,14,0,0
37,29,45,0,0
38,29,1,0,0
39,29,0,0,0
40,29,98,0,0
41,29,7,0,0
42,29,9,0,0
43,29,50,0,0
44,29,214,0,0
45,29,224,0,0
46,29,82,0,0
47,29,43,0,0
48,29,80,0,0
49,29,57,0,0
50,29,4,0,0
51,29,0,0,0
52,29,11,0,0
53,29,0,0,0
54,29,660,0,0
55,29,2,0,0
56,29,12,0,0
57,29,2,0,0
58,29,1,0,0
59,29,15,0,0
60,29,41,0,0
61,29,6,0,0
62,29,96,1,0
63,29,0,0,0
64,29,206,0,0
65,29,0,0,0
66,29,19,0,0
67,29,35,0,0
68,29,1732,5,0
69,29,2014,0,0
70,29,63,0,0
71,29,94,0,0
72,29,6060,0,0
73,29,0,0,0
74,29,0,0,0
75,29,3447,0,0
76,29,27,14,0
77,29,29,7,0
78,29,56,0,0
79,29,66,0,0
80,29,0,0,0
81,29,0,0,0
82,29,0,0,0
83,29,0,0,0
84,29,0,0,0
1,30,653,0,0
2,30,108,0,0
3,30,0,0,0
4,30,185,0,0
5,30,787,0,0
6,30,212,0,0
7,30,15,0,0
8,30,250,0,0
9,30,11,0,0
10,30,5,0,0
11,30,285,0,0
12,30,27,0,0
13,30,0,0,0
14,30,244,0,0
15,30,15,0,0
16,30,308,0,0
17,30,0,0,0
18,30,9,0,0
19,30,2,0,0
20,30,2930,199,97
21,30,1467,0,0
22,30,145,0,0
23,30,3359,0,0
24,30,447,0,0
25,30,60,0,0
26,30,3,0,0
27,30,1126,0,0
28,30,69,0,0
29,30,101,0,0
30,30,0,0,27
31,30,3873,0,0
32,30,24,0,0
33,30,137,0,0
34,30,348,0,0
35,30,46,0,0
36,30,721,26,2
37,30,19,0,0
38,30,1,0,0
39,30,0,0,0
40,30,1,0,0
41,30,1,0,0
42,30,1681,9,0
43,30,127,0,0
44,30,4691,2,0
45,30,2,0,0
46,30,304,2,0
47,30,714,0,0
48,30,6,0,0
49,30,14,0,0
50,30,108,0,0
51,30,272,0,0
52,30,223,0,0
53,30,0,0,0
54,30,61,0,0
55,30,714,0,0
56,30,29,0,0
57,30,64,0,0
58,30,1100,0,0
59,30,1417,0,0
60,30,30,15,21
61,30,40,0,0
62,30,74,0,0
63,30,4,0,0
64,30,1277,0,0
65,30,6,0,0
66,30,1945,0,0
67,30,2,0,0
68,30,74,0,0
69,30,93,0,0
70,30,1049,0,0
71,30,984,14,0
72,30,94,0,0
73,30,0,0,0
74,30,2,0,0
75,30,38,0,0
76,30,78,0,0
77,30,17,0,0
78,30,1,0,0
79,30,92,0,0
80,30,40,0,0
81,30,0,0,0
82,30,0,0,0
83,30,0,0,0
84,30,0,0,0
1,31,2302,0,0
2,31,160,0,0
3,31,0,0,0
4,31,381,6,0
5,31,184,0,0
6,31,9,0,0
7,31,72,0,0
8,31,475,0,0
9,31,0,0,0
10,31,0,0,0
11,31,479,3,0
12,31,0,0,0
13,31,0,0,0
14,31,0,0,0
15,31,37,0,0
16,31,324,2,68
17,31,0,0,0
18,31,47,0,0
19,31,0,0,0
20,31,539,0,0
21,31,5853,11,63
22,31,19,0,0
23,31,9,2,0
24,31,1080,19,50
25,31,0,0,0
26,31,0,0,0
27,31,8267,13,0
28,31,5,0,0
29,31,26,0,0
30,31,1301,0,0
31,31,0,1,32
32,31,1,0,0
33,31,3,2,0
34,31,0,0,0
35,31,20,0,0
36,31,16,0,0
37,31,16,0,0
38,31,0,0,0
39,31,0,0,0
40,31,0,0,0
41,31,0,0,0
42,31,530,0,0
43,31,0,0,0
44,31,707,0,0
45,31,0,0,0
46,31,26,0,0
47,31,37,0,0
48,31,0,0,0
49,31,1,0,0
50,31,0,0,0
51,31,0,0,0
52,31,885,1,0
53,31,0,0,0
54,31,0,0,0
55,31,27,0,0
56,31,43,1,3
57,31,1227,2,0
58,31,2263,6,4
59,31,225,0,0
60,31,0,0,0
61,31,120,0,0
62,31,100,0,0
63,31,8,0,0
64,31,720,0,0
65,31,0,0,0
66,31,32,0,0
67,31,0,0,0
68,31,2,0,0
69,31,8,0,0
70,31,4217,0,0
71,31,421,0,0
72,31,7,0,0
73,31,0,0,0
74,31,0,0,0
75,31,21,0,0
76,31,10,0,0
77,31,0,0,0
78,31,42,0,0
79,31,13,0,0
80,31,11,0,0
81,31,0,0,0
82,31,0,0,0
83,31,0,0,0
84,31,0,0,0
1,32,9,0,0
2,32,6,0,0
3,32,0,0,0
4,32,275,0,0
5,32,22,4,0
6,32,9,0,0
7,32,75,0,0
8,32,2,0,0
9,32,9,0,0
10,32,5,0,0
11,32,126,0,0
12,32,0,0,0
13,32,0,0,0
14,32,54,0,0
15,32,356,0,0
16,32,55,0,0
17,32,0,0,0
18,32,5754,0,0
19,32,281,0,0
20,32,1,0,0
21,32,2,0,0
22,32,2680,3,0
23,32,30,0,0
24,32,2,0,0
25,32,600,0,0
26,32,65,0,0
27,32,22,0,0
28,32,12,0,0
29,32,100,0,0
30,32,0,0,0
31,32,10,0,0
32,32,0,0,8
33,32,3,0,0
34,32,0,0,0
35,32,825,0,0
36,32,242,0,0
37,32,1973,0,0
38,32,9,0,0
39,32,0,0,0
40,32,15,0,0
41,32,4,0,0
42,32,2,0,0
43,32,10,0,0
44,32,46,0,0
45,32,1,0,0
46,32,2813,2,0
47,32,56,0,0
48,32,29,0,0
49,32,1726,0,0
50,32,13,0,0
51,32,0,0,0
52,32,18,0,0
53,32,0,0,0
54,32,162,4,0
55,32,0,0,0
56,32,9,0,0
57,32,19,0,0
58,32,4,0,0
59,32,3,4,0
60,32,761,0,0
61,32,5,0,0
62,32,1549,2,0
63,32,1,0,0
64,32,10,2,0
65,32,380,0,0
66,32,2,0,0
67,32,311,0,0
68,32,17,46,0
69,32,193,0,0
70,32,5,0,0
71,32,396,0,0
72,32,516,0,0
73,32,0,0,0
74,32,8,0,0
75,32,51,0,0
76,32,151,0,0
77,32,3,1,0
78,32,16,0,0
79,32,8,5,0
80,32,0,0,0
81,32,0,0,0
82,32,0,0,0
83,32,0,0,0
84,32,0,0,0
1,33,63,0,0
2,33,6,0,0
3,33,0,0,0
4,33,5542,0,0
5,33,83,0,0
6,33,452,0,0
7,33,544,0,0
8,33,22,0,0
9,33,0,0,0
10,33,0,0,0
11,33,350,0,0
12,33,7,0,0
13,33,0,0,0
14,33,78,0,0
15,33,39,0,0
16,33,377,0,0
17,33,0,0,0
18,33,32,0,0
19,33,88,0,0
20,33,1928,0,0
21,33,3131,0,0
22,33,144,0,0
23,33,9663,0,0
24,33,2928,0,0
25,33,1,0,0
26,33,6,0,0
27,33,3566,0,0
28,33,13,0,0
29,33,119,0,0
30,33,4322,0,0
31,33,4715,1,0
32,33,33,0,0
33,33,1,0,0
34,33,4,0,0
35,33,1,0,0
36,33,190,0,0
37,33,27,0,0
38,33,0,0,0
39,33,0,0,0
40,33,2,0,0
41,33,0,0,0
42,33,4,0,0
43,33,356,0,0
44,33,9840,0,0
45,33,0,0,0
46,33,177,0,0
47,33,77,0,0
48,33,4,0,0
49,33,36,0,0
50,33,306,0,0
51,33,15,0,0
52,33,1060,0,0
53,33,0,0,0
54,33,2,0,0
55,33,1151,0,0
56,33,64,8,0
57,33,399,0,0
58,33,1849,2,0
59,33,79,0,0
60,33,15,0,0
61,33,5,0,0
62,33,23,0,0
63,33,8,0,0
64,33,1898,0,0
65,33,12,0,0
66,33,169,0,0
67,33,10,0,0
68,33,12,0,0
69,33,15,0,0
70,33,135,0,0
71,33,437,0,0
72,33,16,0,0
73,33,0,0,0
74,33,0,0,0
75,33,69,0,0
76,33,45,0,0
77,33,9,0,0
78,33,105,0,0
79,33,44,0,0
80,33,347,0,0
81,33,0,0,0
82,33,0,0,0
83,33,0,0,0
84,33,0,0,0
1,34,59,0,0
2,34,51,1,0
3,34,0,0,0
4,34,33,0,0
5,34,4002,0,0
6,34,43,0,0
7,34,7,0,0
8,34,1147,0,0
9,34,0,0,0
10,34,2644,0,0
11,34,5,0,0
12,34,53,0,0
13,34,0,0,0
14,34,99,0,0
15,34,28,0,0
16,34,5,0,0
17,34,0,0,0
18,34,29,0,0
19,34,1,0,0
20,34,196,0,0
21,34,2712,0,0
22,34,151,0,0
23,34,1627,0,0
24,34,7,0,0
25,34,128,0,0
26,34,0,0,0
27,34,592,0,0
28,34,109,0,0
29,34,113,0,0
30,34,351,0,0
31,34,243,0,0
32,34,2,0,0
33,34,0,0,0
34,34,0,22,0
35,34,17,0,0
36,34,68,0,0
37,34,35,0,0
38,34,111,0,0
39,34,0,0,0
40,34,0,0,0
41,34,67,0,0
42,34,1795,0,0
43,34,124,1,0
44,34,276,0,0
45,34,149,0,0
46,34,53,0,0
47,34,7422,0,0
48,34,22,0,0
49,34,6,0,0
50,34,14,0,0
51,34,1143,0,0
52,34,42,0,0
53,34,0,0,0
54,34,88,0,0
55,34,1819,0,0
56,34,13,0,0
57,34,7,0,0
58,34,4,0,0
59,34,675,0,0
60,34,1,0,0
61,34,17,0,0
62,34,28,0,0
63,34,0,0,0
64,34,1945,0,0
65,34,0,0,0
66,34,149,0,0
67,34,9,0,0
68,34,762,0,0
69,34,30,0,0
70,34,3235,0,0
71,34,1643,0,0
72,34,26,0,0
73,34,0,0,0
74,34,5,0,0
75,34,8,0,0
76,34,31,0,0
77,34,410,0,0
78,34,20,0,0
79,34,555,0,0
80,34,1,0,0
81,34,0,0,0
82,34,0,0,0
83,34,0,0,0
84,34,0,0,0
1,35,0,0,0
2,35,13,0,0
3,35,0,0,0
4,35,245,0,0
5,35,200,0,0
6,35,22,0,0
7,35,0,0,0
8,35,17,0,0
9,35,297,8,0
10,35,95,1,0
11,35,18,0,0
12,35,0,0,0
13,35,0,0,0
14,35,65,0,0
15,35,300,0,0
16,35,36,0,0
17,35,0,0,0
18,35,7131,0,0
19,35,183,0,0
20,35,30,0,0
21,35,40,0,0
22,35,2533,0,0
23,35,404,0,0
24,35,0,0,0
25,35,427,0,0
26,35,14,0,0
27,35,53,0,0
28,35,42,0,0
29,35,203,0,0
30,35,105,0,0
31,35,59,0,0
32,35,3776,0,0
33,35,0,0,0
34,35,22,0,0
35,35,0,2,9
36,35,10,0,0
37,35,3943,0,0
38,35,10,0,0
39,35,0,0,0
40,35,44,0,0
41,35,0,0,0
42,35,2,0,0
43,35,84,0,0
44,35,46,0,0
45,35,113,0,0
46,35,4332,0,0
47,35,90,0,0
48,35,10,0,0
49,35,1075,0,0
50,35,11,0,0
51,35,0,1,0
52,35,29,0,0
53,35,0,0,0
54,35,87,0,0
55,35,72,0,0
56,35,0,0,0
57,35,8,0,0
58,35,0,0,0
59,35,63,0,0
60,35,877,0,0
61,35,0,0,0
62,35,2032,0,0
63,35,0,0,0
64,35,34,0,0
65,35,193,0,0
66,35,19,7,0
67,35,409,0,0
68,35,186,0,0
69,35,2431,7,7
70,35,84,0,0
71,35,115,0,0
72,35,1513,0,0
73,35,0,0,0
74,35,0,0,0
75,35,277,0,0
76,35,445,0,0
77,35,19,0,0
78,35,81,0,0
79,35,146,0,0
80,35,19,0,0
81,35,0,0,0
82,35,0,0,0
83,35,0,0,0
84,35,0,0,0
1,36,380,0,0
2,36,775,0,0
3,36,0,0,0
4,36,2876,0,0
5,36,819,0,0
6,36,315,0,0
7,36,410,0,0
8,36,476,0,0
9,36,3,0,0
10,36,6,0,0
11,36,1397,0,0
12,36,9,0,0
13,36,0,0,0
14,36,459,0,0
15,36,26,0,0
16,36,934,0,0
17,36,0,0,0
18,36,3753,0,0
19,36,471,0,0
20,36,1396,40,3
21,36,1947,0,0
22,36,1709,5,0
23,36,3330,0,0
24,36,378,0,0
25,36,918,0,0
26,36,0,0,0
27,36,1870,0,0
28,36,69,0,0
29,36,58,0,0
30,36,2748,71,21
31,36,2082,0,0
32,36,1196,0,0
33,36,21,0,0
34,36,431,0,0
35,36,18,0,0
36,36,0,0,0
37,36,44,0,0
38,36,1,0,0
39,36,0,0,0
40,36,0,0,0
41,36,1,0,0
42,36,880,22,0
43,36,282,0,0
44,36,3535,10,0
45,36,0,0,0
46,36,5055,11,0
47,36,1825,0,0
48,36,8,0,0
49,36,187,0,0
50,36,226,0,0
51,36,16,0,0
52,36,580,0,0
53,36,0,0,0
54,36,120,0,0
55,36,1306,0,0
56,36,28,0,0
57,36,81,0,0
58,36,282,0,0
59,36,938,0,0
60,36,8,0,0
61,36,64,0,0
62,36,23,0,0
63,36,0,0,0
64,36,724,0,0
65,36,9,0,0
66,36,96,0,0
67,36,13,0,0
68,36,86,30,0
69,36,29,0,0
70,36,1771,0,0
71,36,2753,3,0
72,36,301,0,0
73,36,0,0,0
74,36,2,0,0
75,36,9,0,0
76,36,726,0,0
77,36,36,1,0
78,36,6,0,0
79,36,59,0,0
80,36,1624,0,0
81,36,0,0,0
82,36,0,0,0
83,36,0,0,0
84,36,0,0,0
1,37,29,4,14
2,37,2,0,0
3,37,0,0,0
4,37,28,0,0
5,37,29,0,0
6,37,1,0,0
7,37,0,0,0
8,37,5,0,0
9,37,22,0,0
10,37,2,0,0
11,37,2,0,0
12,37,0,0,0
13,37,0,0,0
14,37,5,0,0
15,37,59,0,0
16,37,1,0,0
17,37,0,0,0
18,37,195,0,0
19,37,22,0,0
20,37,15,0,0
21,37,8,0,0
22,37,163,0,0
23,37,29,0,0
24,37,1,0,0
25,37,1,0,0
26,37,183,0,0
27,37,28,0,0
28,37,10,0,0
29,37,50,0,0
30,37,3,0,0
31,37,21,0,0
32,37,2302,0,0
33,37,0,0,0
34,37,15,0,0
35,37,896,0,0
36,37,12,0,0
37,37,0,3,884
38,37,0,0,0
39,37,0,0,0
40,37,5,0,0
41,37,2,0,0
42,37,3,0,0
43,37,43,0,0
44,37,13,0,0
45,37,5,0,0
46,37,9,0,0
47,37,19,0,0
48,37,2,0,0
49,37,17,0,0
50,37,3,0,0
51,37,0,0,0
52,37,9,0,0
53,37,0,0,0
54,37,26,0,0
55,37,5,0,0
56,37,20,0,0
57,37,2,0,0
58,37,4,0,0
59,37,6,0,0
60,37,1291,0,0
61,37,10,3,0
62,37,2592,0,0
63,37,0,0,0
64,37,40,0,0
65,37,1792,0,0
66,37,6,0,0
67,37,1099,0,0
68,37,28,0,0
69,37,219,0,0
70,37,31,0,0
71,37,12,0,0
72,37,142,0,0
73,37,0,0,0
74,37,38,0,0
75,37,37,0,0
76,37,1,0,0
77,37,0,0,0
78,37,6,0,0
79,37,17,0,0
80,37,0,0,0
81,37,0,0,0
82,37,0,0,0
83,37,0,0,0
84,37,0,0,0
1,38,3,0,0
2,38,7,0,0
3,38,0,0,0
4,38,18,0,0
5,38,1488,4,0
6,38,39,0,0
7,38,0,0,0
8,38,226,0,0
9,38,0,0,0
10,38,576,0,0
11,38,0,0,0
12,38,0,0,0
13,38,0,0,0
14,38,143,0,0
15,38,4,0,0
16,38,0,0,0
17,38,0,0,0
18,38,6,0,0
19,38,86,0,0
20,38,6,0,0
21,38,4,0,0
22,38,1325,0,0
23,38,880,0,0
24,38,0,0,0
25,38,32,0,0
26,38,5,0,0
27,38,77,0,0
28,38,81,0,0
29,38,142,0,0
30,38,3,0,0
31,38,11,0,0
32,38,121,0,0
33,38,3,0,0
34,38,1575,0,0
35,38,3,0,0
36,38,104,1,0
37,38,8,0,0
38,38,0,0,0
39,38,0,0,0
40,38,10,0,0
41,38,2,0,0
42,38,102,0,0
43,38,1604,0,0
44,38,98,0,0
45,38,1219,0,0
46,38,4,0,0
47,38,1511,0,0
48,38,11,0,0
49,38,4,0,0
50,38,47,0,0
51,38,649,0,0
52,38,1,0,0
53,38,0,0,0
54,38,1322,0,0
55,38,14,0,0
56,38,24,0,0
57,38,0,0,0
58,38,0,0,0
59,38,52,6,0
60,38,3,0,0
61,38,2,0,0
62,38,17,1,0
63,38,0,0,0
64,38,2359,0,0
65,38,7,0,0
66,38,4,0,0
67,38,7,0,0
68,38,5,0,0
69,38,79,0,0
70,38,7,0,0
71,38,91,0,0
72,38,328,0,0
73,38,0,0,0
74,38,19,0,0
75,38,0,0,0
76,38,11,0,0
77,38,7,0,0
78,38,13,0,0
79,38,17,7,0
80,38,21,0,0
81,38,0,0,0
82,38,0,0,0
83,38,0,0,0
84,38,0,0,0
1,39,0,0,0
2,39,0,0,0
3,39,0,0,0
4,39,0,0,0
5,39,0,0,0
6,39,0,0,0
7,39,0,0,0
8,39,0,0,0
9,39,0,0,0
10,39,0,0,0
11,39,0,0,0
12,39,0,0,0
13,39,0,0,0
14,39,0,0,0
15,39,0,0,0
16,39,0,0,0
17,39,0,0,0
18,39,0,0,0
19,39,0,0,0
20,39,0,0,0
21,39,0,0,0
22,39,0,0,0
23,39,0,0,0
24,39,0,0,0
25,39,0,0,0
26,39,0,0,0
27,39,0,0,0
28,39,0,0,0
29,39,0,0,0
30,39,0,0,0
31,39,0,0,0
32,39,0,0,0
33,39,0,0,0
34,39,0,0,0
35,39,0,0,0
36,39,0,0,0
37,39,0,0,0
38,39,0,0,0
39,39,0,0,0
40,39,0,0,0
41,39,0,0,0
42,39,0,0,0
43,39,0,0,0
44,39,0,0,0
45,39,0,0,0
46,39,0,0,0
47,39,0,0,0
48,39,0,0,0
49,39,0,0,0
50,39,0,0,0
51,39,0,0,0
52,39,0,0,0
53,39,0,0,0
54,39,0,0,0
55,39,0,0,0
56,39,0,0,0
57,39,0,0,0
58,39,0,0,0
59,39,0,0,0
60,39,0,0,0
61,39,0,0,0
62,39,0,0,0
63,39,0,0,0
64,39,0,0,0
65,39,0,0,0
66,39,0,0,0
67,39,0,0,0
68,39,0,0,0
69,39,0,0,0
70,39,0,0,0
71,39,0,0,0
72,39,0,0,0
73,39,0,0,0
74,39,0,0,0
75,39,0,0,0
76,39,0,0,0
77,39,0,0,0
78,39,0,0,0
79,39,0,0,0
80,39,0,0,0
81,39,0,0,0
82,39,0,0,0
83,39,0,0,0
84,39,0,0,0
1,40,10,0,0
2,40,18,0,0
3,40,0,0,0
4,40,90,0,0
5,40,248,6,0
6,40,10,0,0
7,40,7,0,0
8,40,0,0,0
9,40,56,0,0
10,40,9,0,0
11,40,2,0,0
12,40,18,0,0
13,40,0,0,0
14,40,60,0,0
15,40,493,1,0
16,40,3,0,0
17,40,0,0,0
18,40,369,0,0
19,40,45,0,0
20,40,18,0,0
21,40,247,0,0
22,40,409,1,0
23,40,58,1,0
24,40,10,0,0
25,40,4,0,0
26,40,4,0,0
27,40,18,0,0
28,40,27,0,0
29,40,1919,0,0
30,40,4,0,0
31,40,8,0,0
32,40,183,0,0
33,40,3,0,0
34,40,2,0,0
35,40,347,0,0
36,40,2,0,0
37,40,150,0,0
38,40,2,0,0
39,40,0,0,0
40,40,0,0,0
41,40,3,0,0
42,40,1,0,0
43,40,298,2,0
44,40,311,0,0
45,40,3,0,0
46,40,69,0,0
47,40,42,0,0
48,40,61,0,0
49,40,1968,0,0
50,40,45,0,0
51,40,2,0,0
52,40,235,0,0
53,40,0,0,0
54,40,272,2,0
55,40,0,0,0
56,40,16,0,0
57,40,5,0,0
58,40,32,0,0
59,40,22,4,0
60,40,35,0,0
61,40,0,0,0
62,40,252,0,0
63,40,0,0,0
64,40,126,0,0
65,40,23,0,0
66,40,11,0,0
67,40,46,0,0
68,40,634,6,0
69,40,7710,0,0
70,40,84,0,0
71,40,140,0,0
72,40,8203,0,0
73,40,0,0,0
74,40,4,0,0
75,40,731,0,0
76,40,25,0,0
77,40,30,3,0
78,40,68,0,0
79,40,286,4,0
80,40,36,0,0
81,40,0,0,0
82,40,0,0,0
83,40,0,0,0
84,40,0,0,0
1,41,0,0,0
2,41,0,0,0
3,41,0,0,0
4,41,0,0,0
5,41,0,0,0
6,41,0,0,0
7,41,0,0,0
8,41,0,0,0
9,41,0,0,0
10,41,0,0,0
11,41,0,0,0
12,41,0,0,0
13,41,0,0,0
14,41,0,0,0
15,41,0,0,0
16,41,0,0,0
17,41,0,0,0
18,41,0,0,0
19,41,0,0,0
20,41,0,0,0
21,41,0,0,0
22,41,0,0,0
23,41,0,0,0
24,41,0,0,0
25,41,0,0,0
26,41,0,0,0
27,41,0,0,0
28,41,0,0,0
29,41,0,0,0
30,41,0,0,0
31,41,0,0,0
32,41,0,0,0
33,41,0,0,0
34,41,0,0,0
35,41,0,0,0
36,41,0,0,0
37,41,0,0,0
38,41,0,0,0
39,41,0,0,0
40,41,0,0,0
41,41,0,0,0
42,41,0,0,0
43,41,0,0,0
44,41,0,0,0
45,41,0,0,0
46,41,0,0,0
47,41,0,0,0
48,41,0,0,0
49,41,0,0,0
50,41,0,0,0
51,41,0,0,0
52,41,0,0,0
53,41,0,0,0
54,41,0,0,0
55,41,0,0,0
56,41,0,0,0
57,41,0,0,0
58,41,0,0,0
59,41,0,0,0
60,41,0,0,0
61,41,0,0,0
62,41,0,0,0
63,41,0,0,0
64,41,0,0,0
65,41,0,0,0
66,41,0,0,0
67,41,0,0,0
68,41,0,0,0
69,41,0,0,0
70,41,0,0,0
71,41,0,1,0
72,41,0,0,0
73,41,0,0,0
74,41,0,0,0
75,41,0,0,0
76,41,0,0,0
77,41,0,1,0
78,41,0,0,0
79,41,0,0,0
80,41,0,0,0
81,41,0,0,0
82,41,0,0,0
83,41,0,0,0
84,41,0,0,0
1,42,316,0,0
2,42,86,0,0
3,42,0,0,0
4,42,307,0,0
5,42,10241,0,0
6,42,168,0,0
7,42,50,0,0
8,42,1906,0,0
9,42,9,0,0
10,42,2918,0,0
11,42,495,0,0
12,42,99,0,0
13,42,0,0,0
14,42,466,0,0
15,42,26,0,0
16,42,851,0,0
17,42,0,0,0
18,42,136,0,0
19,42,6,0,0
20,42,2878,65,0
21,42,10154,0,0
22,42,450,0,0
23,42,788,0,0
24,42,164,0,0
25,42,107,0,0
26,42,0,0,0
27,42,10237,0,0
28,42,61,0,0
29,42,136,0,0
30,42,6146,7,0
31,42,6820,0,0
32,42,37,0,0
33,42,2,0,0
34,42,4531,0,0
35,42,55,0,0
36,42,562,6,0
37,42,59,0,0
38,42,66,0,0
39,42,0,0,0
40,42,4,0,0
41,42,46,0,0
42,42,0,0,0
43,42,513,0,0
44,42,895,1,0
45,42,3,0,0
46,42,157,0,0
47,42,9551,0,0
48,42,8,0,0
49,42,18,0,0
50,42,63,0,0
51,42,740,0,0
52,42,631,0,0
53,42,0,0,0
54,42,336,0,0
55,42,3173,0,0
56,42,47,0,0
57,42,237,0,0
58,42,439,0,0
59,42,2955,0,0
60,42,8,1,0
61,42,31,0,0
62,42,173,0,0
63,42,7,0,0
64,42,6099,0,0
65,42,2,0,0
66,42,2019,0,0
67,42,9,0,0
68,42,2166,0,0
69,42,78,0,0
70,42,11356,0,0
71,42,2964,2,0
72,42,148,0,0
73,42,0,0,0
74,42,9,0,0
75,42,108,0,0
76,42,92,0,0
77,42,419,0,0
78,42,58,0,0
79,42,534,0,0
80,42,146,0,0
81,42,0,0,0
82,42,0,0,0
83,42,0,0,0
84,42,0,0,0
1,43,57,0,0
2,43,46,0,0
3,43,0,0,0
4,43,387,0,0
5,43,2611,0,0
6,43,35,0,0
7,43,31,0,0
8,43,52,0,0
9,43,23,0,0
10,43,2499,0,0
11,43,73,0,0
12,43,6,0,0
13,43,0,0,0
14,43,59,0,0
15,43,72,0,0
16,43,23,0,0
17,43,0,0,0
18,43,489,0,0
19,43,27,0,0
20,43,90,0,0
21,43,325,0,0
22,43,967,0,0
23,43,947,0,0
24,43,46,0,0
25,43,0,0,0
26,43,0,0,0
27,43,351,0,0
28,43,5,0,0
29,43,299,0,0
30,43,233,0,0
31,43,866,0,0
32,43,45,0,0
33,43,7,0,0
34,43,13,0,0
35,43,118,0,0
36,43,10,0,0
37,43,31,0,0
38,43,326,0,0
39,43,0,0,0
40,43,13,0,0
41,43,0,0,0
42,43,177,0,0
43,43,0,2,0
44,43,1654,1,0
45,43,82,0,0
46,43,597,5,0
47,43,3659,0,0
48,43,6,0,0
49,43,9,0,0
50,43,1,0,0
51,43,3,0,0
52,43,33,0,0
53,43,0,0,0
54,43,924,0,0
55,43,601,0,0
56,43,3,0,0
57,43,33,0,0
58,43,96,0,0
59,43,54,0,0
60,43,13,0,0
61,43,6,0,0
62,43,29,5,0
63,43,0,0,0
64,43,7788,35,8
65,43,2,0,0
66,43,354,0,0
67,43,4,0,0
68,43,406,0,0
69,43,73,0,0
70,43,394,11,0
71,43,893,0,0
72,43,216,0,0
73,43,0,0,0
74,43,0,0,0
75,43,1186,0,0
76,43,168,8,0
77,43,4,0,0
78,43,8,0,0
79,43,171,0,0
80,43,6,0,0
81,43,0,0,0
82,43,0,0,0
83,43,0,0,0
84,43,0,0,0
1,44,302,0,0
2,44,18,0,0
3,44,0,0,0
4,44,1501,7,25
5,44,951,0,0
6,44,495,4,0
7,44,151,0,0
8,44,211,0,0
9,44,7,0,0
10,44,56,0,0
11,44,1166,0,0
12,44,18,17,0
13,44,0,0,0
14,44,384,4,0
15,44,261,0,0
16,44,577,0,0
17,44,0,0,0
18,44,420,29,31
19,44,454,4,0
20,44,1826,0,0
21,44,1392,0,0
22,44,858,10,0
23,44,5716,7,0
24,44,1327,0,0
25,44,27,0,0
26,44,9,0,0
27,44,1598,0,0
28,44,111,0,0
29,44,519,0,0
30,44,3344,3,0
31,44,1267,0,0
32,44,89,0,0
33,44,250,0,0
34,44,243,0,0
35,44,57,0,0
36,44,686,8,0
37,44,88,0,0
38,44,1,0,0
39,44,0,0,0
40,44,44,0,0
41,44,0,0,0
42,44,437,1,0
43,44,955,0,0
44,44,0,0,23
45,44,23,0,0
46,44,564,62,0
47,44,791,0,0
48,44,59,0,0
49,44,238,0,0
50,44,338,1,0
51,44,356,0,0
52,44,250,4,7
53,44,0,0,0
54,44,197,0,0
55,44,2228,0,0
56,44,51,0,0
57,44,83,0,0
58,44,406,0,0
59,44,293,0,0
60,44,43,6,0
61,44,19,0,0
62,44,128,0,0
63,44,0,0,0
64,44,5809,2,0
65,44,5,0,0
66,44,169,0,0
67,44,40,4,0
68,44,264,0,0
69,44,285,0,0
70,44,836,0,0
71,44,471,10,0
72,44,1879,0,0
73,44,0,0,0
74,44,3,0,0
75,44,348,0,0
76,44,33,0,0
77,44,19,0,0
78,44,84,0,0
79,44,140,0,0
80,44,1454,24,0
81,44,0,0,0
82,44,0,0,0
83,44,0,0,0
84,44,0,0,0
1,45,5,0,0
2,45,1,0,0
3,45,0,0,0
4,45,116,0,0
5,45,895,22,0
6,45,3,0,0
7,45,0,0,0
8,45,1,0,0
9,45,65,3,0
10,45,3823,25,0
11,45,1,0,0
12,45,0,0,0
13,45,0,0,0
14,45,12,0,0
15,45,64,0,0
16,45,0,0,0
17,45,0,0,0
18,45,14,0,0
19,45,4,0,0
20,45,7,0,0
21,45,5,0,0
22,45,1583,0,0
23,45,281,0,0
24,45,0,0,0
25,45,0,0,0
26,45,0,0,0
27,45,1,0,0
28,45,44,0,0
29,45,832,0,0
30,45,10,0,0
31,45,2,0,0
32,45,28,0,0
33,45,0,0,0
34,45,3,0,0
35,45,161,1,0
36,45,0,0,0
37,45,31,0,0
38,45,247,0,0
39,45,0,0,0
40,45,2,0,0
41,45,0,0,0
42,45,1,0,0
43,45,5,0,0
44,45,43,0,0
45,45,0,83,0
46,45,9,0,0
47,45,438,0,0
48,45,0,0,0
49,45,2,0,0
50,45,0,0,0
51,45,0,0,0
52,45,23,0,0
53,45,0,0,0
54,45,1536,0,0
55,45,306,0,0
56,45,0,0,0
57,45,1,0,0
58,45,8,0,0
59,45,6,9,0
60,45,11,0,0
61,45,0,0,0
62,45,12,0,0
63,45,0,0,0
64,45,183,0,0
65,45,0,0,0
66,45,20,0,0
67,45,5,0,0
68,45,1702,0,0
69,45,1323,0,0
70,45,10,0,0
71,45,11,0,0
72,45,281,0,0
73,45,0,0,0
74,45,0,0,0
75,45,1710,0,0
76,45,1,0,0
77,45,0,0,0
78,45,70,0,0
79,45,256,12,0
80,45,2,0,0
81,45,0,0,0
82,45,0,0,0
83,45,0,0,0
84,45,0,0,0
1,46,864,0,0
2,46,1394,0,0
3,46,0,0,0
4,46,7799,0,0
5,46,1328,0,0
6,46,284,2,0
7,46,864,0,0
8,46,48,0,0
9,46,17,0,0
10,46,136,0,0
11,46,2190,0,0
12,46,25,0,0
13,46,0,0,0
14,46,408,1,0
15,46,409,0,0
16,46,784,0,0
17,46,0,0,0
18,46,8181,0,0
19,46,187,0,0
20,46,256,8,0
21,46,436,0,0
22,46,2757,0,0
23,46,1907,2,0
24,46,45,0,0
25,46,709,0,0
26,46,16,0,0
27,46,417,0,0
28,46,104,0,0
29,46,382,0,0
30,46,398,3,0
31,46,435,0,0
32,46,5797,2,0
33,46,14,0,0
34,46,138,0,0
35,46,1925,0,0
36,46,2162,7,0
37,46,113,0,0
38,46,20,0,0
39,46,0,0,0
40,46,60,0,0
41,46,0,0,0
42,46,228,0,0
43,46,232,0,0
44,46,1486,47,4
45,46,7,0,0
46,46,0,0,0
47,46,800,0,0
48,46,28,0,0
49,46,1521,0,0
50,46,208,0,0
51,46,254,0,0
52,46,2057,0,0
53,46,0,0,0
54,46,274,0,0
55,46,479,0,0
56,46,68,0,0
57,46,93,0,0
58,46,25,0,0
59,46,144,0,0
60,46,179,0,0
61,46,161,0,0
62,46,162,0,0
63,46,0,0,0
64,46,601,0,0
65,46,23,0,0
66,46,80,0,0
67,46,113,0,0
68,46,321,0,0
69,46,323,0,0
70,46,353,0,0
71,46,3890,11,0
72,46,1872,0,0
73,46,0,0,0
74,46,3,0,0
75,46,452,0,0
76,46,1059,0,0
77,46,12,2,0
78,46,69,0,0
79,46,167,0,0
80,46,844,0,0
81,46,0,0,0
82,46,0,0,0
83,46,0,0,0
84,46,0,0,0
1,47,53,0,0
2,47,11,0,0
3,47,0,0,0
4,47,34,0,0
5,47,3405,0,0
6,47,14,2,0
7,47,9,0,0
8,47,84,0,0
9,47,20,0,0
10,47,3438,0,0
11,47,0,0,0
12,47,38,0,0
13,47,0,0,0
14,47,131,0,0
15,47,22,0,0
16,47,23,0,0
17,47,0,0,0
18,47,19,0,0
19,47,69,0,0
20,47,62,0,0
21,47,968,0,0
22,47,1345,0,0
23,47,164,0,0
24,47,4,0,0
25,47,8,0,0
26,47,0,0,0
27,47,146,0,0
28,47,51,0,0
29,47,34,0,0
30,47,121,0,0
31,47,46,0,0
32,47,167,0,0
33,47,3,0,0
34,47,3347,0,0
35,47,29,0,0
36,47,208,0,0
37,47,30,0,0
38,47,497,0,0
39,47,0,0,0
40,47,15,0,0
41,47,6,0,0
42,47,1249,0,0
43,47,2018,0,0
44,47,381,0,0
45,47,429,0,0
46,47,48,0,0
47,47,0,0,0
48,47,24,0,0
49,47,8,0,0
50,47,21,1,0
51,47,243,0,0
52,47,11,0,0
53,47,0,0,0
54,47,1310,0,0
55,47,1953,2,0
56,47,18,0,0
57,47,13,0,0
58,47,90,0,0
59,47,780,0,0
60,47,13,0,0
61,47,9,0,0
62,47,32,0,0
63,47,0,0,0
64,47,9227,0,0
65,47,4,0,0
66,47,41,0,0
67,47,13,3,0
68,47,574,80,0
69,47,30,0,0
70,47,1083,0,0
71,47,281,0,0
72,47,196,0,0
73,47,0,0,0
74,47,4,2,0
75,47,59,0,0
76,47,6,0,0
77,47,19,0,0
78,47,20,0,0
79,47,169,0,0
80,47,35,0,0
81,47,0,0,0
82,47,0,0,0
83,47,0,0,0
84,47,0,0,0
1,48,16,0,0
2,48,0,0,0
3,48,0,0,0
4,48,26,0,0
5,48,68,0,0
6,48,7,0,0
7,48,0,0,0
8,48,0,0,0
9,48,66,0,0
10,48,1,0,0
11,48,3,0,0
12,48,6,0,0
13,48,0,0,0
14,48,48,0,0
15,48,8782,32,24
16,48,4,0,0
17,48,0,0,0
18,48,82,6,0
19,48,31,0,0
20,48,2,0,0
21,48,7,0,0
22,48,218,1,0
23,48,2,0,0
24,48,0,0,0
25,48,1,0,0
26,48,7,0,0
27,48,26,0,0
28,48,74,0,0
29,48,64,0,0
30,48,3,0,0
31,48,0,0,0
32,48,133,0,0
33,48,5,0,0
34,48,42,0,0
35,48,1,0,0
36,48,16,0,0
37,48,16,0,0
38,48,3,0,0
39,48,0,0,0
40,48,42,0,0
41,48,20,0,0
42,48,0,0,0
43,48,120,0,0
44,48,85,0,0
45,48,3,0,0
46,48,12,0,0
47,48,32,0,0
48,48,0,5,222
49,48,0,0,0
50,48,4,0,0
51,48,21,0,0
52,48,5,0,0
53,48,0,0,0
54,48,191,0,0
55,48,0,0,0
56,48,26,0,0
57,48,0,0,0
58,48,15,0,0
59,48,54,0,0
60,48,11,0,0
61,48,16,0,0
62,48,17,0,0
63,48,0,0,0
64,48,191,0,0
65,48,7,0,0
66,48,6,0,0
67,48,8,0,0
68,48,6,0,0
69,48,30,0,0
70,48,25,0,0
71,48,21,0,0
72,48,324,0,0
73,48,0,0,0
74,48,21,0,0
75,48,28,0,0
76,48,4,0,0
77,48,13,0,0
78,48,41,0,0
79,48,11,0,0
80,48,4,0,0
81,48,0,0,0
82,48,0,0,0
83,48,0,0,0
84,48,0,0,0
1,49,22,0,0
2,49,0,0,0
3,49,0,0,0
4,49,4553,0,0
5,49,289,0,0
6,49,14,0,0
7,49,654,0,0
8,49,7,0,0
9,49,6,0,0
10,49,669,0,0
11,49,3010,0,0
12,49,0,0,0
13,49,0,0,0
14,49,21,0,0
15,49,1575,4,0
16,49,37,0,0
17,49,0,0,0
18,49,9003,0,0
19,49,837,0,0
20,49,64,0,0
21,49,161,0,0
22,49,6079,0,0
23,49,272,0,0
24,49,12,0,0
25,49,0,0,0
26,49,16,0,0
27,49,48,0,0
28,49,36,0,0
29,49,904,0,0
30,49,10,0,0
31,49,72,0,0
32,49,3215,0,0
33,49,20,0,0
34,49,208,0,0
35,49,1733,0,0
36,49,530,0,0
37,49,113,0,0
38,49,0,0,0
39,49,0,0,0
40,49,120,0,0
41,49,3,0,0
42,49,41,0,0
43,49,77,0,0
44,49,2858,0,0
45,49,0,0,0
46,49,2595,0,0
47,49,29,0,0
48,49,54,0,0
49,49,0,0,0
50,49,14,0,0
51,49,160,0,0
52,49,244,0,0
53,49,0,0,0
54,49,120,0,0
55,49,4,0,0
56,49,860,0,0
57,49,21,0,0
58,49,39,0,0
59,49,36,0,0
60,49,441,0,0
61,49,8,0,0
62,49,4741,0,0
63,49,1,0,0
64,49,289,0,0
65,49,28,0,0
66,49,17,0,0
67,49,2517,0,0
68,49,197,0,0
69,49,1316,0,0
70,49,54,0,0
71,49,108,0,0
72,49,3477,0,0
73,49,0,0,0
74,49,26,0,0
75,49,699,0,0
76,49,68,0,0
77,49,0,0,0
78,49,66,0,0
79,49,226,0,0
80,49,1449,0,0
81,49,0,0,0
82,49,0,0,0
83,49,0,0,0
84,49,0,0,0
1,50,0,0,0
2,50,0,0,0
3,50,0,0,0
4,50,0,0,0
5,50,0,0,0
6,50,0,0,0
7,50,0,0,0
8,50,0,0,0
9,50,0,22,0
10,50,0,0,0
11,50,0,0,0
12,50,0,0,0
13,50,0,0,0
14,50,0,0,0
15,50,0,0,0
16,50,0,0,0
17,50,0,0,0
18,50,0,0,0
19,50,0,0,0
20,50,0,0,0
21,50,0,0,0
22,50,0,0,0
23,50,0,0,0
24,50,0,0,0
25,50,0,0,0
26,50,0,0,0
27,50,0,0,0
28,50,0,0,0
29,50,0,0,0
30,50,0,0,0
31,50,0,0,0
32,50,0,0,0
33,50,0,0,0
34,50,0,0,0
35,50,0,7,0
36,50,0,0,0
37,50,0,0,0
38,50,0,0,0
39,50,0,0,0
40,50,0,0,0
41,50,0,0,0
42,50,0,0,0
43,50,0,0,0
44,50,0,13,0
45,50,0,3,0
46,50,0,0,0
47,50,0,0,0
48,50,0,0,0
49,50,0,0,0
50,50,0,1,0
51,50,0,0,0
52,50,0,0,0
53,50,0,0,0
54,50,0,0,0
55,50,0,0,0
56,50,0,0,0
57,50,0,0,0
58,50,0,0,0
59,50,0,0,0
60,50,0,0,0
61,50,0,0,0
62,50,0,0,0
63,50,0,0,0
64,50,0,0,0
65,50,0,0,0
66,50,0,0,0
67,50,0,3,0
68,50,0,0,0
69,50,0,0,0
70,50,0,0,0
71,50,0,0,0
72,50,0,1,0
73,50,0,0,0
74,50,0,0,0
75,50,0,0,0
76,50,0,0,0
77,50,0,0,0
78,50,0,0,0
79,50,0,0,0
80,50,0,1,0
81,50,0,0,0
82,50,0,0,0
83,50,0,0,0
84,50,0,0,0
1,51,4,0,0
2,51,10,0,0
3,51,0,0,0
4,51,10,0,0
5,51,689,0,0
6,51,39,0,0
7,51,0,0,0
8,51,238,0,0
9,51,1,0,0
10,51,5,0,0
11,51,3,0,0
12,51,24,10,0
13,51,0,0,0
14,51,526,0,0
15,51,7,0,0
16,51,13,0,0
17,51,0,0,0
18,51,43,0,0
19,51,4,0,0
20,51,19,0,0
21,51,14,0,0
22,51,108,0,0
23,51,646,0,0
24,51,3,0,0
25,51,96,0,0
26,51,0,0,0
27,51,20,0,0
28,51,21,0,0
29,51,4,0,0
30,51,52,0,0
31,51,15,0,0
32,51,56,0,0
33,51,2,0,0
34,51,2052,0,0
35,51,3,0,0
36,51,122,0,0
37,51,12,0,0
38,51,33,0,0
39,51,0,0,0
40,51,4,0,0
41,51,13,0,0
42,51,132,0,0
43,51,98,8,0
44,51,261,0,0
45,51,18,0,0
46,51,3,0,0
47,51,276,0,0
48,51,11,0,0
49,51,10,0,0
50,51,39,0,0
51,51,0,2,0
52,51,8,0,0
53,51,0,0,0
54,51,71,0,0
55,51,9,18,0
56,51,5,0,0
57,51,3,0,0
58,51,2,0,0
59,51,152,0,0
60,51,3,0,0
61,51,1,0,0
62,51,66,0,0
63,51,0,0,0
64,51,203,0,0
65,51,132,0,0
66,51,173,0,0
67,51,37,17,12
68,51,2,0,0
69,51,4,0,0
70,51,4,0,0
71,51,43,0,0
72,51,28,0,0
73,51,0,0,0
74,51,17,0,0
75,51,0,0,0
76,51,0,0,0
77,51,1,0,0
78,51,0,0,0
79,51,3,0,0
80,51,0,0,0
81,51,0,0,0
82,51,0,0,0
83,51,0,0,0
84,51,0,0,0
1,52,1214,0,0
2,52,21,0,0
3,52,0,0,0
4,52,5788,0,0
5,52,69,0,0
6,52,16,0,0
7,52,453,0,0
8,52,32,0,0
9,52,1,0,0
10,52,1,0,0
11,52,186,0,0
12,52,2,0,0
13,52,0,0,0
14,52,64,0,0
15,52,113,0,0
16,52,974,0,0
17,52,0,0,0
18,52,89,0,0
19,52,0,0,0
20,52,26,0,0
21,52,900,0,0
22,52,36,2,2
23,52,12,0,0
24,52,380,0,0
25,52,50,0,0
26,52,0,0,0
27,52,1009,0,0
28,52,67,0,0
29,52,22,0,0
30,52,112,0,0
31,52,955,1,0
32,52,55,0,0
33,52,26,0,0
34,52,14,0,0
35,52,12,0,0
36,52,43,0,0
37,52,2,0,0
38,52,9,0,0
39,52,0,0,0
40,52,2,0,0
41,52,0,0,0
42,52,93,0,0
43,52,88,0,0
44,52,167,0,0
45,52,8,0,0
46,52,1372,0,0
47,52,29,0,0
48,52,1,0,0
49,52,1,0,0
50,52,0,0,0
51,52,4,0,0
52,52,214,0,0
53,52,0,0,0
54,52,5,0,0
55,52,21,0,0
56,52,2,0,0
57,52,946,2,93
58,52,524,0,0
59,52,50,1,0
60,52,0,0,0
61,52,388,0,0
62,52,36,0,0
63,52,3,0,0
64,52,177,0,0
65,52,6,0,0
66,52,0,0,0
67,52,9,0,0
68,52,7,0,0
69,52,103,1,0
70,52,631,0,0
71,52,1033,0,0
72,52,195,0,0
73,52,0,0,0
74,52,0,0,0
75,52,47,0,0
76,52,11,0,0
77,52,5,2,0
78,52,0,0,0
79,52,23,2,0
80,52,268,0,0
81,52,0,0,0
82,52,0,0,0
83,52,0,0,0
84,52,0,0,0
1,53,0,0,0
2,53,0,0,0
3,53,0,0,0
4,53,0,0,0
5,53,0,0,0
6,53,0,0,0
7,53,0,0,0
8,53,0,0,0
9,53,0,0,0
10,53,0,0,0
11,53,0,0,0
12,53,0,0,0
13,53,0,0,0
14,53,0,0,0
15,53,0,0,0
16,53,0,0,0
17,53,0,0,0
18,53,0,0,0
19,53,0,0,0
20,53,0,0,0
21,53,0,0,0
22,53,0,0,0
23,53,0,0,0
24,53,0,0,0
25,53,0,0,0
26,53,0,0,0
27,53,0,0,0
28,53,0,0,0
29,53,0,0,0
30,53,0,0,0
31,53,0,0,0
32,53,0,0,0
33,53,0,0,0
34,53,0,0,0
35,53,0,0,0
36,53,0,0,0
37,53,0,0,0
38,53,0,0,0
39,53,0,0,0
40,53,0,0,0
41,53,0,0,0
42,53,0,0,0
43,53,0,0,0
44,53,0,0,0
45,53,0,0,0
46,53,0,0,0
47,53,0,0,0
48,53,0,0,0
49,53,0,0,0
50,53,0,0,0
51,53,0,0,0
52,53,0,0,0
53,53,0,0,0
54,53,0,0,0
55,53,0,0,0
56,53,0,0,0
57,53,0,0,0
58,53,0,0,0
59,53,0,0,0
60,53,0,0,0
61,53,0,0,0
62,53,0,0,0
63,53,0,0,0
64,53,0,0,0
65,53,0,0,0
66,53,0,0,0
67,53,0,0,0
68,53,0,0,0
69,53,0,0,0
70,53,0,0,0
71,53,0,0,0
72,53,0,0,0
73,53,0,0,0
74,53,0,0,0
75,53,0,0,0
76,53,0,0,0
77,53,0,0,0
78,53,0,0,0
79,53,0,0,0
80,53,0,0,0
81,53,0,0,0
82,53,0,0,0
83,53,0,0,0
84,53,0,0,0
1,54,0,0,0
2,54,3,0,0
3,54,0,0,0
4,54,154,0,0
5,54,5103,0,0
6,54,10,0,0
7,54,27,0,0
8,54,16,0,0
9,54,8,0,0
10,54,368,0,0
11,54,15,0,0
12,54,0,0,0
13,54,0,0,0
14,54,19,0,0
15,54,39,0,0
16,54,0,0,0
17,54,0,0,0
18,54,152,0,0
19,54,67,0,0
20,54,22,0,0
21,54,39,0,0
22,54,197,0,0
23,54,30,0,0
24,54,5,0,0
25,54,2,0,0
26,54,6,0,0
27,54,69,0,0
28,54,15,0,0
29,54,2086,0,0
30,54,20,0,0
31,54,74,0,0
32,54,171,15,0
33,54,5,0,0
34,54,10,0,0
35,54,137,0,0
36,54,10,0,0
37,54,22,0,0
38,54,16,0,0
39,54,0,0,0
40,54,17,0,0
41,54,1,0,0
42,54,174,0,0
43,54,570,0,0
44,54,75,0,0
45,54,727,0,0
46,54,41,0,0
47,54,878,0,0
48,54,13,0,0
49,54,23,0,0
50,54,5,0,0
51,54,7,0,0
52,54,89,0,0
53,54,0,0,0
54,54,0,0,0
55,54,19,0,0
56,54,1,0,0
57,54,35,0,0
58,54,22,0,0
59,54,23,0,0
60,54,4,0,0
61,54,1,0,0
62,54,27,13,0
63,54,0,0,0
64,54,2003,0,0
65,54,0,0,0
66,54,5,0,0
67,54,25,0,0
68,54,3114,11,0
69,54,172,0,0
70,54,77,30,0
71,54,26,0,0
72,54,4733,0,0
73,54,0,0,0
74,54,0,0,0
75,54,3127,0,0
76,54,11,0,0
77,54,0,0,0
78,54,33,0,0
79,54,391,0,0
80,54,1,0,0
81,54,0,0,0
82,54,0,0,0
83,54,0,0,0
84,54,0,0,0
1,55,27,0,0
2,55,41,0,0
3,55,0,0,0
4,55,3,0,0
5,55,609,0,0
6,55,208,0,0
7,55,0,0,0
8,55,30,0,0
9,55,1,0,0
10,55,29,0,0
11,55,10,0,0
12,55,153,185,0
13,55,0,0,0
14,55,548,0,0
15,55,10,0,0
16,55,9,0,0
17,55,0,0,0
18,55,33,0,0
19,55,3,0,0
20,55,258,0,0
21,55,84,0,0
22,55,26,0,0
23,55,2878,0,0
24,55,237,0,0
25,55,71,0,0
26,55,0,0,0
27,55,317,0,0
28,55,44,7,0
29,55,17,0,0
30,55,129,0,0
31,55,60,0,0
32,55,49,0,0
33,55,0,0,0
34,55,1358,0,0
35,55,2,0,0
36,55,338,0,0
37,55,16,0,0
38,55,150,0,0
39,55,0,0,0
40,55,1,0,0
41,55,1,0,0
42,55,337,0,0
43,55,153,10,0
44,55,1600,0,0
45,55,103,0,0
46,55,85,0,0
47,55,2161,0,0
48,55,1,0,0
49,55,0,0,0
50,55,205,0,0
51,55,352,11,0
52,55,19,0,0
53,55,0,0,0
54,55,20,0,0
55,55,0,3,0
56,55,9,0,0
57,55,20,0,0
58,55,3,0,0
59,55,117,0,0
60,55,1,0,0
61,55,1,0,0
62,55,11,0,0
63,55,3,0,0
64,55,112,0,0
65,55,1,0,0
66,55,45,0,0
67,55,1,0,0
68,55,2,0,0
69,55,10,0,0
70,55,66,0,0
71,55,268,0,0
72,55,10,0,0
73,55,0,0,0
74,55,17,0,0
75,55,0,0,0
76,55,16,0,0
77,55,50,0,0
78,55,119,0,0
79,55,36,0,0
80,55,2,0,0
81,55,0,0,0
82,55,0,0,0
83,55,0,0,0
84,55,0,0,0
1,56,43,0,0
2,56,3,0,0
3,56,0,0,0
4,56,36,0,0
5,56,28,0,0
6,56,3,0,0
7,56,23,0,0
8,56,4,0,0
9,56,0,0,0
10,56,2,0,0
11,56,27,0,0
12,56,0,0,0
13,56,0,0,0
14,56,1,0,0
15,56,145,0,0
16,56,0,0,0
17,56,0,0,0
18,56,15,0,0
19,56,35,0,0
20,56,18,0,0
21,56,242,0,12
22,56,270,0,0
23,56,165,0,0
24,56,26,4,11
25,56,0,0,0
26,56,19,0,0
27,56,218,0,0
28,56,36,0,0
29,56,81,0,0
30,56,9,0,0
31,56,254,3,12
32,56,8,0,0
33,56,7,12,8
34,56,46,0,0
35,56,8,0,0
36,56,16,0,0
37,56,30,0,0
38,56,0,0,0
39,56,0,0,0
40,56,0,0,0
41,56,11,0,0
42,56,10,0,0
43,56,3,0,0
44,56,95,0,0
45,56,0,0,0
46,56,22,0,0
47,56,77,0,0
48,56,13,0,0
49,56,782,0,0
50,56,2,0,0
51,56,1,0,0
52,56,176,0,0
53,56,0,0,0
54,56,0,0,0
55,56,3,0,0
56,56,0,13,7
57,56,31,0,0
58,56,178,0,19
59,56,25,0,0
60,56,116,0,0
61,56,20,0,0
62,56,2737,0,0
63,56,1,0,3
64,56,5,0,0
65,56,434,0,0
66,56,2,0,0
67,56,1453,0,0
68,56,12,0,0
69,56,20,0,0
70,56,137,0,0
71,56,4,0,0
72,56,33,0,0
73,56,0,0,0
74,56,0,0,0
75,56,89,0,0
76,56,1,0,0
77,56,2,0,0
78,56,6,0,0
79,56,12,0,0
80,56,0,0,0
81,56,0,0,0
82,56,0,0,0
83,56,0,0,0
84,56,0,0,0
1,57,7307,0,0
2,57,1861,0,4
3,57,0,0,0
4,57,6016,0,0
5,57,433,0,0
6,57,41,0,0
7,57,609,0,0
8,57,534,0,0
9,57,1,0,0
10,57,0,0,0
11,57,892,0,0
12,57,2,0,0
13,57,0,0,0
14,57,1135,0,0
15,57,31,0,0
16,57,364,0,0
17,57,0,0,0
18,57,61,0,0
19,57,0,0,0
20,57,229,0,0
21,57,4056,1,0
22,57,94,0,0
23,57,93,0,0
24,57,3045,0,0
25,57,22,0,0
26,57,4,0,0
27,57,3905,0,0
28,57,44,0,0
29,57,56,0,0
30,57,334,0,0
31,57,5299,1,0
32,57,82,0,0
33,57,58,0,0
34,57,89,0,0
35,57,16,0,0
36,57,54,0,0
37,57,70,0,0
38,57,0,0,0
39,57,0,0,0
40,57,0,0,0
41,57,1,0,0
42,57,289,0,0
43,57,111,0,0
44,57,661,0,0
45,57,1,0,0
46,57,118,0,0
47,57,225,0,0
48,57,0,0,0
49,57,3,0,0
50,57,3,0,0
51,57,46,0,0
52,57,3334,0,1
53,57,0,0,0
54,57,39,0,0
55,57,199,0,0
56,57,73,0,0
57,57,0,1,359
58,57,4888,0,0
59,57,344,0,0
60,57,14,0,0
61,57,1565,0,0
62,57,45,0,0
63,57,2,0,0
64,57,1181,0,0
65,57,20,0,0
66,57,5,0,0
67,57,4,0,0
68,57,82,0,0
69,57,56,0,0
70,57,1772,0,0
71,57,2128,0,0
72,57,107,0,0
73,57,0,0,0
74,57,0,0,0
75,57,78,0,0
76,57,13,0,0
77,57,5,0,0
78,57,3,0,0
79,57,28,0,0
80,57,45,0,0
81,57,0,0,0
82,57,0,0,0
83,57,0,0,0
84,57,0,0,0
1,58,1282,0,0
2,58,5,0,0
3,58,0,0,0
4,58,204,9,0
5,58,0,0,0
6,58,21,0,0
7,58,3,0,0
8,58,92,0,0
9,58,0,0,0
10,58,0,0,0
11,58,14,0,0
12,58,0,0,0
13,58,0,0,0
14,58,108,0,0
15,58,13,0,0
16,58,23,0,0
17,58,0,0,0
18,58,36,0,0
19,58,0,0,0
20,58,23,0,0
21,58,123,0,0
22,58,31,0,0
23,58,18,0,0
24,58,611,812,453
25,58,2,0,0
26,58,0,0,0
27,58,301,1,0
28,58,14,0,0
29,58,1,0,0
30,58,231,0,0
31,58,954,17,14
32,58,17,0,0
33,58,33,33,0
34,58,294,0,0
35,58,3,0,0
36,58,96,0,0
37,58,0,0,0
38,58,0,0,0
39,58,0,0,0
40,58,0,0,0
41,58,0,0,0
42,58,11,0,0
43,58,62,0,0
44,58,195,0,0
45,58,0,0,0
46,58,6,0,0
47,58,84,0,0
48,58,1,0,0
49,58,0,0,0
50,58,20,0,0
51,58,317,0,0
52,58,149,2,0
53,58,0,0,0
54,58,21,0,0
55,58,3,0,0
56,58,0,4,2
57,58,498,0,0
58,58,0,0,0
59,58,11,0,0
60,58,0,0,0
61,58,387,0,0
62,58,3,0,0
63,58,1,0,0
64,58,36,0,0
65,58,0,0,0
66,58,6,0,0
67,58,2,0,0
68,58,1,0,0
69,58,3,0,0
70,58,43,0,0
71,58,9,0,0
72,58,1,0,0
73,58,0,0,0
74,58,0,0,0
75,58,2,0,0
76,58,0,0,0
77,58,0,0,0
78,58,0,0,0
79,58,0,0,0
80,58,2,0,0
81,58,0,0,0
82,58,0,0,0
83,58,0,0,0
84,58,0,0,0
1,59,267,0,0
2,59,57,0,0
3,59,0,0,0
4,59,152,0,0
5,59,2112,0,0
6,59,47,0,0
7,59,8,0,0
8,59,1852,0,0
9,59,4,0,0
10,59,17,0,0
11,59,259,0,0
12,59,1,0,0
13,59,0,0,0
14,59,193,0,0
15,59,172,0,0
16,59,500,0,0
17,59,0,0,0
18,59,166,0,0
19,59,10,0,0
20,59,1503,0,0
21,59,5996,0,0
22,59,221,0,0
23,59,349,0,0
24,59,230,0,0
25,59,37,0,0
26,59,0,0,0
27,59,10490,0,0
28,59,119,0,0
29,59,155,0,0
30,59,2712,0,0
31,59,4525,0,0
32,59,25,0,0
33,59,12,0,0
34,59,3341,0,0
35,59,198,0,0
36,59,196,0,0
37,59,46,0,0
38,59,4,0,0
39,59,0,0,0
40,59,6,0,0
41,59,27,0,0
42,59,1464,0,0
43,59,52,0,0
44,59,860,0,0
45,59,1,0,0
46,59,119,0,0
47,59,5606,0,0
48,59,5,0,0
49,59,13,0,0
50,59,7,0,0
51,59,58,0,0
52,59,563,0,0
53,59,0,0,0
54,59,106,0,0
55,59,1229,0,0
56,59,21,0,0
57,59,91,0,0
58,59,465,0,0
59,59,5,0,0
60,59,18,0,0
61,59,25,0,0
62,59,179,0,0
63,59,0,0,0
64,59,809,0,0
65,59,0,0,0
66,59,197,0,0
67,59,29,0,0
68,59,607,0,0
69,59,185,0,0
70,59,8831,0,0
71,59,2328,0,0
72,59,1017,0,0
73,59,0,0,0
74,59,4,0,0
75,59,200,0,0
76,59,37,6,0
77,59,532,0,0
78,59,122,0,0
79,59,105,0,0
80,59,157,0,0
81,59,0,0,0
82,59,0,0,0
83,59,0,0,0
84,59,0,0,0
1,60,51,0,0
2,60,5,0,0
3,60,0,0,0
4,60,48,0,0
5,60,291,0,0
6,60,136,0,0
7,60,3,0,0
8,60,58,0,0
9,60,20,0,0
10,60,2,0,0
11,60,12,0,0
12,60,26,0,0
13,60,0,0,0
14,60,62,0,0
15,60,138,0,0
16,60,12,0,0
17,60,0,0,0
18,60,5406,0,0
19,60,49,0,0
20,60,7,0,0
21,60,44,0,0
22,60,2219,0,0
23,60,56,0,0
24,60,2,0,0
25,60,98,0,0
26,60,370,0,0
27,60,53,0,0
28,60,31,0,0
29,60,210,0,0
30,60,53,17,41
31,60,4,0,0
32,60,4181,0,0
33,60,4,0,0
34,60,1357,0,0
35,60,1337,0,0
36,60,44,0,0
37,60,6396,0,0
38,60,3,0,0
39,60,0,0,0
40,60,39,0,0
41,60,3,0,0
42,60,50,1,0
43,60,36,0,0
44,60,146,4,0
45,60,4,0,0
46,60,1169,0,0
47,60,237,0,0
48,60,5,0,0
49,60,988,0,0
50,60,135,0,0
51,60,627,0,0
52,60,9,0,0
53,60,0,0,0
54,60,93,0,0
55,60,65,0,0
56,60,263,0,0
57,60,15,0,0
58,60,0,0,0
59,60,14,0,0
60,60,0,0,19
61,60,3,0,0
62,60,4600,0,0
63,60,0,0,0
64,60,304,0,0
65,60,6412,0,0
66,60,687,0,0
67,60,2183,0,0
68,60,31,0,0
69,60,304,0,0
70,60,19,0,0
71,60,148,0,0
72,60,285,0,0
73,60,0,0,0
74,60,321,0,0
75,60,90,0,0
76,60,5,0,0
77,60,0,0,0
78,60,9,0,0
79,60,37,0,0
80,60,14,0,0
81,60,0,0,0
82,60,0,0,0
83,60,0,0,0
84,60,0,0,0
1,61,14982,412,821
2,61,1530,0,0
3,61,0,0,0
4,61,557,0,0
5,61,20,0,0
6,61,0,0,0
7,61,77,0,0
8,61,19,0,0
9,61,0,0,0
10,61,1,0,0
11,61,495,0,0
12,61,0,0,0
13,61,0,0,0
14,61,768,0,0
15,61,3,0,0
16,61,133,0,0
17,61,0,0,0
18,61,10,0,0
19,61,2,0,0
20,61,100,0,0
21,61,138,0,0
22,61,11,0,0
23,61,6,0,0
24,61,1641,0,0
25,61,22,0,0
26,61,0,0,0
27,61,133,0,0
28,61,6,0,0
29,61,11,0,0
30,61,114,0,0
31,61,1195,0,0
32,61,0,0,0
33,61,0,0,0
34,61,2,0,0
35,61,0,0,0
36,61,68,0,0
37,61,21,0,0
38,61,0,0,0
39,61,0,0,0
40,61,0,0,0
41,61,0,0,0
42,61,22,0,0
43,61,15,0,0
44,61,70,0,0
45,61,0,0,0
46,61,359,0,0
47,61,32,0,0
48,61,0,0,0
49,61,3,0,0
50,61,1,0,0
51,61,0,0,0
52,61,740,0,0
53,61,0,0,0
54,61,1,0,0
55,61,22,0,0
56,61,9,0,0
57,61,1047,0,0
58,61,1488,0,0
59,61,17,0,0
60,61,14,0,0
61,61,49,313,1617
62,61,10,0,0
63,61,0,0,0
64,61,20,0,0
65,61,0,0,0
66,61,1,0,0
67,61,2,0,0
68,61,5,0,0
69,61,13,0,0
70,61,63,0,0
71,61,874,0,0
72,61,8,0,0
73,61,0,0,0
74,61,1,0,0
75,61,30,0,0
76,61,5,0,0
77,61,0,0,0
78,61,0,0,0
79,61,1,0,0
80,61,5,0,0
81,61,0,0,0
82,61,0,0,0
83,61,0,0,0
84,61,0,0,0
1,62,30,0,0
2,62,68,0,0
3,62,0,0,0
4,62,105,0,0
5,62,239,1,0
6,62,65,0,0
7,62,23,0,0
8,62,103,0,0
9,62,15,0,0
10,62,17,0,0
11,62,72,0,0
12,62,9,0,0
13,62,0,0,0
14,62,151,0,0
15,62,655,0,0
16,62,6,0,0
17,62,0,0,0
18,62,2858,0,0
19,62,206,0,0
20,62,92,0,0
21,62,429,0,0
22,62,1350,2,0
23,62,127,0,0
24,62,23,0,0
25,62,0,0,0
26,62,414,0,0
27,62,407,0,0
28,62,110,0,0
29,62,398,0,0
30,62,172,0,0
31,62,342,0,0
32,62,5444,1,0
33,62,19,0,0
34,62,55,0,0
35,62,1900,0,0
36,62,54,0,0
37,62,5971,0,0
38,62,2,0,0
39,62,0,0,0
40,62,103,0,0
41,62,8,0,0
42,62,53,0,0
43,62,356,6,0
44,62,288,0,0
45,62,0,0,0
46,62,106,0,0
47,62,291,0,0
48,62,157,0,0
49,62,675,0,0
50,62,61,0,0
51,62,84,0,0
52,62,400,0,0
53,62,0,0,0
54,62,257,6,0
55,62,12,0,0
56,62,1235,0,0
57,62,18,0,0
58,62,151,0,0
59,62,142,1,0
60,62,1930,0,0
61,62,3,0,0
62,62,0,0,14
63,62,0,0,0
64,62,826,0,0
65,62,3068,0,0
66,62,12,0,0
67,62,2201,0,0
68,62,260,6,0
69,62,439,0,0
70,62,622,0,0
71,62,167,0,0
72,62,2270,0,0
73,62,0,0,0
74,62,220,0,0
75,62,317,0,0
76,62,11,0,0
77,62,44,1,0
78,62,73,0,0
79,62,76,1,0
80,62,35,2,0
81,62,0,0,0
82,62,0,0,0
83,62,0,0,0
84,62,0,0,0
1,63,6685,0,0
2,63,449,0,0
3,63,0,0,0
4,63,330,0,0
5,63,239,0,0
6,63,36,0,0
7,63,120,0,0
8,63,126,0,0
9,63,0,0,0
10,63,0,0,0
11,63,390,3,0
12,63,5,0,0
13,63,0,0,0
14,63,250,0,0
15,63,18,0,0
16,63,401,0,4
17,63,0,0,0
18,63,153,0,0
19,63,1,0,0
20,63,1243,0,0
21,63,2088,78,0
22,63,221,0,0
23,63,244,0,0
24,63,1886,11,0
25,63,33,0,0
26,63,0,0,0
27,63,1945,0,0
28,63,30,0,0
29,63,11,0,0
30,63,2409,0,0
31,63,2951,0,0
32,63,3,0,0
33,63,17,0,0
34,63,699,0,0
35,63,6,0,0
36,63,442,0,0
37,63,23,0,0
38,63,0,0,0
39,63,0,0,0
40,63,3,0,0
41,63,1,0,0
42,63,20,0,0
43,63,120,0,0
44,63,1233,0,0
45,63,5,0,0
46,63,45,0,0
47,63,278,0,0
48,63,2,0,0
49,63,66,0,0
50,63,25,0,0
51,63,451,0,0
52,63,243,0,0
53,63,0,0,0
54,63,17,0,0
55,63,452,0,0
56,63,1,0,0
57,63,1643,0,0
58,63,3410,0,0
59,63,204,0,0
60,63,0,0,0
61,63,1038,0,0
62,63,52,0,0
63,63,0,0,0
64,63,317,0,0
65,63,4,0,0
66,63,20,0,0
67,63,5,0,0
68,63,13,0,0
69,63,22,0,0
70,63,1154,0,0
71,63,556,0,0
72,63,311,0,0
73,63,0,0,0
74,63,0,0,0
75,63,17,0,0
76,63,3,0,0
77,63,4,0,0
78,63,0,0,0
79,63,44,0,0
80,63,1354,0,0
81,63,0,0,0
82,63,0,0,0
83,63,0,0,0
84,63,0,0,0
1,64,285,0,0
2,64,21,0,0
3,64,0,0,0
4,64,701,0,0
5,64,6755,0,0
6,64,67,0,0
7,64,97,0,0
8,64,582,0,0
9,64,29,0,0
10,64,1887,0,0
11,64,228,0,0
12,64,24,0,0
13,64,0,0,0
14,64,110,0,0
15,64,77,0,0
16,64,313,0,0
17,64,0,0,0
18,64,58,0,0
19,64,19,0,0
20,64,169,0,0
21,64,2355,0,0
22,64,1653,0,0
23,64,594,0,0
24,64,242,0,0
25,64,5,0,0
26,64,4,0,0
27,64,1410,0,0
28,64,74,0,0
29,64,826,0,0
30,64,354,0,0
31,64,1788,0,0
32,64,79,0,0
33,64,39,0,0
34,64,110,0,0
35,64,19,0,0
36,64,60,0,0
37,64,91,0,0
38,64,87,0,0
39,64,0,0,0
40,64,13,0,0
41,64,2,0,0
42,64,1072,0,0
43,64,3309,44,6
44,64,3375,4,0
45,64,183,0,0
46,64,101,0,0
47,64,6919,0,0
48,64,30,0,0
49,64,21,0,0
50,64,40,0,0
51,64,80,0,0
52,64,288,0,0
53,64,0,0,0
54,64,1612,0,0
55,64,990,0,0
56,64,15,0,0
57,64,154,0,0
58,64,227,0,0
59,64,169,0,0
60,64,21,0,0
61,64,10,0,0
62,64,79,0,0
63,64,3,0,0
64,64,0,2,2
65,64,17,0,0
66,64,40,0,0
67,64,16,0,0
68,64,2880,0,0
69,64,178,0,0
70,64,3812,0,0
71,64,524,0,0
72,64,304,0,0
73,64,0,0,0
74,64,3,0,0
75,64,5661,0,0
76,64,36,0,0
77,64,8,0,0
78,64,115,0,0
79,64,708,0,0
80,64,41,0,0
81,64,0,0,0
82,64,0,0,0
83,64,0,0,0
84,64,0,0,0
1,65,2,0,0
2,65,2,0,0
3,65,0,0,0
4,65,50,0,0
5,65,16,1,0
6,65,1,0,0
7,65,0,0,0
8,65,8,0,0
9,65,0,0,0
10,65,9,2,0
11,65,2,0,0
12,65,0,0,0
13,65,0,0,0
14,65,8,8,0
15,65,70,0,0
16,65,0,0,0
17,65,0,0,0
18,65,268,0,0
19,65,4,13,0
20,65,13,0,0
21,65,3,0,0
22,65,184,0,0
23,65,0,0,0
24,65,1,0,0
25,65,0,0,0
26,65,330,376,14
27,65,2,0,0
28,65,12,0,0
29,65,35,0,0
30,65,0,2,0
31,65,3,0,0
32,65,1748,0,0
33,65,1,0,0
34,65,0,0,0
35,65,934,1,0
36,65,42,0,0
37,65,6155,0,0
38,65,0,0,0
39,65,0,0,0
40,65,4,0,0
41,65,0,0,0
42,65,2,0,0
43,65,4,0,0
44,65,4,1,0
45,65,0,6,0
46,65,1,0,0
47,65,15,0,0
48,65,5,0,0
49,65,6,0,0
50,65,2,0,0
51,65,1,0,0
52,65,0,0,0
53,65,0,0,0
54,65,5,0,0
55,65,0,0,0
56,65,735,0,0
57,65,1,0,0
58,65,0,0,0
59,65,3,1,0
60,65,2238,0,0
61,65,1,0,0
62,65,4476,0,0
63,65,0,0,0
64,65,14,0,0
65,65,0,4,0
66,65,1,0,0
67,65,2518,0,0
68,65,43,0,0
69,65,41,0,0
70,65,7,0,0
71,65,0,0,0
72,65,5,1,0
73,65,0,0,0
74,65,409,0,0
75,65,56,0,0
76,65,1,0,0
77,65,0,0,0
78,65,0,0,0
79,65,23,1,0
80,65,1,0,0
81,65,0,0,0
82,65,0,0,0
83,65,0,0,0
84,65,0,0,0
1,66,4,0,0
2,66,93,0,0
3,66,0,0,0
4,66,13,0,0
5,66,332,0,0
6,66,84,0,0
7,66,0,0,0
8,66,28,0,0
9,66,422,4,0
10,66,18,3,0
11,66,0,0,0
12,66,1,0,0
13,66,0,0,0
14,66,113,0,0
15,66,73,0,0
16,66,7,0,0
17,66,0,0,0
18,66,22,0,0
19,66,97,0,0
20,66,405,0,0
21,66,34,0,0
22,66,242,0,0
23,66,372,0,0
24,66,1,0,0
25,66,51,0,0
26,66,10,0,0
27,66,5,0,0
28,66,3,0,0
29,66,94,0,0
30,66,1049,0,0
31,66,6,0,0
32,66,31,0,0
33,66,11,0,0
34,66,266,0,0
35,66,32,23,0
36,66,82,0,0
37,66,76,0,0
38,66,1,0,0
39,66,0,0,0
40,66,47,0,0
41,66,0,0,0
42,66,12,1,0
43,66,62,0,0
44,66,1285,0,0
45,66,21,0,0
46,66,21,0,0
47,66,47,0,0
48,66,35,0,0
49,66,12,0,0
50,66,84,0,0
51,66,16,0,0
52,66,3,0,0
53,66,0,0,0
54,66,208,0,0
55,66,2,0,0
56,66,32,0,0
57,66,0,0,0
58,66,2,0,0
59,66,74,0,0
60,66,5,0,0
61,66,2,0,0
62,66,65,0,0
63,66,0,0,0
64,66,79,0,0
65,66,21,0,0
66,66,0,0,0
67,66,37,0,0
68,66,3,0,0
69,66,573,0,0
70,66,9,0,0
71,66,31,0,0
72,66,448,0,0
73,66,0,0,0
74,66,2,0,0
75,66,32,0,0
76,66,11,0,0
77,66,89,0,0
78,66,36,0,0
79,66,53,0,0
80,66,6,0,0
81,66,0,0,0
82,66,0,0,0
83,66,0,0,0
84,66,0,0,0
1,67,8,0,0
2,67,2,1,0
3,67,0,0,0
4,67,46,0,0
5,67,90,0,0
6,67,3,0,0
7,67,5,0,0
8,67,12,0,0
9,67,30,0,0
10,67,1,0,0
11,67,5,0,0
12,67,7,0,0
13,67,0,0,0
14,67,18,0,0
15,67,460,22,0
16,67,0,0,0
17,67,0,0,0
18,67,4571,10,0
19,67,673,0,0
20,67,28,0,0
21,67,26,0,0
22,67,3942,0,0
23,67,9,0,0
24,67,2,0,0
25,67,0,0,0
26,67,373,0,0
27,67,12,0,0
28,67,42,1,0
29,67,214,0,0
30,67,2,0,0
31,67,13,0,0
32,67,5709,0,0
33,67,3,0,0
34,67,25,0,0
35,67,1073,0,0
36,67,74,0,0
37,67,5959,0,0
38,67,0,0,0
39,67,0,0,0
40,67,19,0,0
41,67,0,0,0
42,67,3,0,0
43,67,6,0,0
44,67,58,0,0
45,67,3,0,0
46,67,331,0,0
47,67,57,0,0
48,67,37,0,0
49,67,2895,0,0
50,67,4,0,0
51,67,14,25,0
52,67,37,0,0
53,67,0,0,0
54,67,64,0,0
55,67,4,0,0
56,67,792,0,0
57,67,0,0,0
58,67,41,0,0
59,67,23,0,0
60,67,2705,3,0
61,67,2,0,0
62,67,4531,0,0
63,67,0,0,0
64,67,327,0,0
65,67,5678,0,0
66,67,4,0,0
67,67,0,1,42
68,67,134,0,0
69,67,507,0,0
70,67,42,0,0
71,67,13,0,0
72,67,448,0,0
73,67,0,0,0
74,67,76,0,0
75,67,602,0,0
76,67,8,0,0
77,67,0,0,0
78,67,22,0,0
79,67,73,0,0
80,67,45,2,0
81,67,0,0,0
82,67,0,0,0
83,67,0,0,0
84,67,0,0,0
1,68,4,0,0
2,68,5,0,0
3,68,0,0,0
4,68,129,0,0
5,68,8265,9,0
6,68,125,0,0
7,68,19,0,0
8,68,74,0,0
9,68,33,0,0
10,68,3890,0,0
11,68,8,0,0
12,68,0,0,0
13,68,0,0,0
14,68,61,0,0
15,68,181,0,0
16,68,5,0,0
17,68,0,0,0
18,68,161,0,0
19,68,233,0,0
20,68,35,0,0
21,68,296,0,0
22,68,2175,4,0
23,68,41,0,0
24,68,1,0,0
25,68,10,0,0
26,68,1,0,0
27,68,39,0,0
28,68,73,0,0
29,68,5320,26,0
30,68,37,0,0
31,68,14,0,0
32,68,365,23,0
33,68,2,0,0
34,68,79,0,0
35,68,208,0,0
36,68,4,37,4
37,68,103,0,0
38,68,399,0,0
39,68,0,0,0
40,68,22,0,0
41,68,0,0,0
42,68,313,0,0
43,68,799,0,0
44,68,251,0,0
45,68,1799,0,0
46,68,55,0,0
47,68,2620,0,0
48,68,33,0,0
49,68,171,0,0
50,68,106,0,0
51,68,5,0,0
52,68,35,0,0
53,68,0,0,0
54,68,2005,7,0
55,68,49,0,0
56,68,2,0,0
57,68,18,0,0
58,68,7,0,0
59,68,129,8,0
60,68,17,0,0
61,68,1,0,0
62,68,118,9,0
63,68,0,0,0
64,68,6875,0,0
65,68,97,0,0
66,68,29,0,0
67,68,83,0,0
68,68,0,4,0
69,68,966,0,0
70,68,249,0,0
71,68,94,0,0
72,68,9868,0,0
73,68,0,0,0
74,68,0,0,0
75,68,6511,18,0
76,68,27,0,0
77,68,7,0,0
78,68,196,0,0
79,68,845,8,0
80,68,9,0,0
81,68,0,0,0
82,68,0,0,0
83,68,0,0,0
84,68,0,0,0
1,69,8,0,0
2,69,23,0,0
3,69,0,0,0
4,69,232,0,0
5,69,211,0,0
6,69,3,0,0
7,69,1,0,0
8,69,1,0,0
9,69,247,0,0
10,69,2367,0,0
11,69,2,0,0
12,69,0,0,0
13,69,0,0,0
14,69,25,0,0
15,69,95,0,0
16,69,2,0,0
17,69,0,0,0
18,69,150,0,0
19,69,483,0,0
20,69,3,0,0
21,69,13,0,0
22,69,357,0,0
23,69,64,0,0
24,69,0,0,0
25,69,0,0,0
26,69,3,0,0
27,69,12,0,0
28,69,36,0,0
29,69,2291,0,0
30,69,2,0,0
31,69,12,0,0
32,69,134,0,0
33,69,2,0,0
34,69,11,0,0
35,69,472,12,0
36,69,26,0,0
37,69,171,0,0
38,69,4,0,0
39,69,0,0,0
40,69,637,0,0
41,69,2,0,0
42,69,5,0,0
43,69,179,0,0
44,69,137,0,0
45,69,163,0,0
46,69,33,0,0
47,69,65,0,0
48,69,18,0,0
49,69,76,0,0
50,69,43,0,0
51,69,2,0,0
52,69,43,0,0
53,69,0,0,0
54,69,111,0,0
55,69,14,0,0
56,69,21,0,0
57,69,6,0,0
58,69,1,0,0
59,69,20,0,0
60,69,8,0,0
61,69,6,0,0
62,69,34,0,0
63,69,0,0,0
64,69,56,0,0
65,69,3,0,0
66,69,12,0,0
67,69,49,0,0
68,69,191,0,0
69,69,0,0,0
70,69,33,0,0
71,69,12,0,0
72,69,7915,0,0
73,69,0,0,0
74,69,1,0,0
75,69,372,0,0
76,69,9,0,0
77,69,1,0,0
78,69,80,0,0
79,69,121,0,0
80,69,1,0,0
81,69,0,0,0
82,69,0,0,0
83,69,0,0,0
84,69,0,0,0
1,70,147,0,0
2,70,67,0,0
3,70,0,0,0
4,70,175,0,0
5,70,522,0,0
6,70,4,0,0
7,70,12,0,0
8,70,2906,69,0
9,70,6,0,0
10,70,0,0,0
11,70,253,0,0
12,70,5,0,0
13,70,0,0,0
14,70,17,0,0
15,70,17,0,0
16,70,631,0,0
17,70,0,0,0
18,70,29,0,0
19,70,8,0,0
20,70,250,0,0
21,70,8517,0,0
22,70,185,7,0
23,70,81,0,0
24,70,99,0,0
25,70,2,0,0
26,70,0,0,0
27,70,14243,0,0
28,70,49,0,0
29,70,112,0,0
30,70,363,0,0
31,70,5325,0,0
32,70,11,0,0
33,70,2,0,0
34,70,1097,0,0
35,70,20,0,0
36,70,99,0,0
37,70,41,0,0
38,70,1,0,0
39,70,0,0,0
40,70,20,0,0
41,70,26,0,0
42,70,1665,0,0
43,70,179,13,0
44,70,421,0,0
45,70,1,0,0
46,70,32,0,0
47,70,1227,0,0
48,70,3,0,0
49,70,2,0,0
50,70,0,0,0
51,70,0,0,0
52,70,767,0,0
53,70,0,0,0
54,70,133,7,0
55,70,62,0,0
56,70,79,0,0
57,70,159,0,0
58,70,436,0,0
59,70,2749,0,0
60,70,5,0,0
61,70,35,0,0
62,70,365,2,0
63,70,3,0,0
64,70,2219,0,0
65,70,1,0,0
66,70,53,0,0
67,70,7,0,0
68,70,214,0,0
69,70,86,0,0
70,70,0,0,0
71,70,981,0,0
72,70,166,0,0
73,70,0,0,0
74,70,1,0,0
75,70,82,0,0
76,70,7,0,0
77,70,429,0,0
78,70,0,0,0
79,70,22,0,0
80,70,79,0,0
81,70,0,0,0
82,70,0,0,0
83,70,0,0,0
84,70,0,0,0
1,71,3017,0,0
2,71,1526,0,0
3,71,0,0,0
4,71,2363,0,0
5,71,735,0,0
6,71,50,0,0
7,71,236,0,0
8,71,162,0,0
9,71,21,0,0
10,71,16,0,0
11,71,1577,0,0
12,71,42,0,0
13,71,0,0,0
14,71,1213,0,0
15,71,128,0,0
16,71,569,0,0
17,71,0,0,0
18,71,2647,2,0
19,71,35,0,0
20,71,234,2,0
21,71,248,0,0
22,71,171,1,0
23,71,842,0,0
24,71,31,0,0
25,71,1030,0,0
26,71,3,0,0
27,71,708,0,0
28,71,109,0,0
29,71,193,0,0
30,71,710,15,0
31,71,503,0,0
32,71,976,0,0
33,71,2,0,0
34,71,303,0,0
35,71,55,0,0
36,71,2546,0,0
37,71,19,0,0
38,71,6,0,0
39,71,0,0,0
40,71,44,0,0
41,71,10,0,0
42,71,415,3,0
43,71,127,0,0
44,71,342,8,0
45,71,5,0,0
46,71,5363,15,0
47,71,384,0,0
48,71,31,0,0
49,71,12,0,0
50,71,27,0,0
51,71,84,0,0
52,71,1151,0,0
53,71,0,0,0
54,71,90,0,0
55,71,359,0,0
56,71,16,0,0
57,71,539,0,0
58,71,31,0,0
59,71,533,0,0
60,71,33,0,0
61,71,1032,0,0
62,71,89,0,0
63,71,0,0,0
64,71,543,0,0
65,71,2,0,0
66,71,28,0,0
67,71,3,0,0
68,71,30,0,0
69,71,46,0,0
70,71,1110,0,0
71,71,0,1,0
72,71,314,0,0
73,71,0,0,0
74,71,0,0,0
75,71,53,0,0
76,71,655,0,0
77,71,39,80,0
78,71,11,0,0
79,71,49,0,0
80,71,73,0,0
81,71,0,0,0
82,71,0,0,0
83,71,0,0,0
84,71,0,0,0
1,72,22,0,0
2,72,10,0,0
3,72,0,0,0
4,72,340,0,0
5,72,738,0,0
6,72,69,0,0
7,72,45,0,0
8,72,2,0,0
9,72,82,0,0
10,72,1372,0,0
11,72,13,0,0
12,72,0,0,0
13,72,0,0,0
14,72,116,0,0
15,72,1512,0,0
16,72,7,0,0
17,72,0,0,0
18,72,925,29,0
19,72,641,0,0
20,72,54,0,0
21,72,284,0,0
22,72,3080,3,0
23,72,94,2,0
24,72,1,0,0
25,72,1,0,0
26,72,16,0,0
27,72,290,0,0
28,72,171,0,0
29,72,8305,0,0
30,72,91,0,0
31,72,36,0,0
32,72,361,0,0
33,72,9,0,0
34,72,4,0,0
35,72,588,0,0
36,72,76,0,0
37,72,230,0,0
38,72,7,0,0
39,72,0,0,0
40,72,638,0,0
41,72,0,0,0
42,72,47,0,0
43,72,321,0,0
44,72,531,0,0
45,72,37,0,0
46,72,257,0,0
47,72,120,0,0
48,72,132,0,0
49,72,322,0,0
50,72,99,0,0
51,72,2,0,0
52,72,614,0,0
53,72,0,0,0
54,72,2659,0,0
55,72,0,0,0
56,72,9,0,0
57,72,21,0,0
58,72,20,0,0
59,72,178,0,0
60,72,90,0,0
61,72,0,0,0
62,72,613,0,0
63,72,2,0,0
64,72,156,0,0
65,72,32,0,0
66,72,22,0,0
67,72,149,0,0
68,72,4957,0,0
69,72,16172,0,0
70,72,151,0,0
71,72,510,0,0
72,72,0,0,0
73,72,0,0,0
74,72,15,0,0
75,72,4710,0,0
76,72,57,0,0
77,72,28,0,0
78,72,173,0,0
79,72,594,0,0
80,72,105,0,0
81,72,0,0,0
82,72,0,0,0
83,72,0,0,0
84,72,0,0,0
1,73,0,0,0
2,73,0,0,0
3,73,0,0,0
4,73,0,0,0
5,73,0,0,0
6,73,0,0,0
7,73,0,0,0
8,73,0,0,0
9,73,0,0,0
10,73,0,0,0
11,73,0,0,0
12,73,0,0,0
13,73,0,0,0
14,73,0,0,0
15,73,0,0,0
16,73,0,0,0
17,73,0,0,0
18,73,0,0,0
19,73,0,0,0
20,73,0,0,0
21,73,0,0,0
22,73,0,0,0
23,73,0,0,0
24,73,0,0,0
25,73,0,0,0
26,73,0,0,0
27,73,0,0,0
28,73,0,0,0
29,73,0,0,0
30,73,0,0,0
31,73,0,0,0
32,73,0,0,0
33,73,0,0,0
34,73,0,0,0
35,73,0,0,0
36,73,0,0,0
37,73,0,0,0
38,73,0,0,0
39,73,0,0,0
40,73,0,0,0
41,73,0,0,0
42,73,0,0,0
43,73,0,0,0
44,73,0,0,0
45,73,0,0,0
46,73,0,0,0
47,73,0,0,0
48,73,0,0,0
49,73,0,0,0
50,73,0,0,0
51,73,0,0,0
52,73,0,0,0
53,73,0,0,0
54,73,0,0,0
55,73,0,0,0
56,73,0,0,0
57,73,0,0,0
58,73,0,0,0
59,73,0,0,0
60,73,0,0,0
61,73,0,0,0
62,73,0,0,0
63,73,0,0,0
64,73,0,0,0
65,73,0,0,0
66,73,0,0,0
67,73,0,0,0
68,73,0,0,0
69,73,0,0,0
70,73,0,0,0
71,73,0,0,0
72,73,0,0,0
73,73,0,0,0
74,73,0,0,0
75,73,0,0,0
76,73,0,0,0
77,73,0,0,0
78,73,0,0,0
79,73,0,0,0
80,73,0,0,0
81,73,0,0,0
82,73,0,0,0
83,73,0,0,0
84,73,0,0,0
1,74,22,0,0
2,74,0,0,0
3,74,0,0,0
4,74,18,0,0
5,74,112,0,0
6,74,4,0,0
7,74,0,0,0
8,74,8,0,0
9,74,6,0,0
10,74,3,0,0
11,74,0,0,0
12,74,0,0,0
13,74,0,0,0
14,74,20,2,0
15,74,0,0,0
16,74,0,0,0
17,74,0,0,0
18,74,7,0,0
19,74,6,0,0
20,74,48,0,0
21,74,5,0,0
22,74,12,0,0
23,74,0,0,0
24,74,0,0,0
25,74,0,0,0
26,74,0,0,0
27,74,25,0,0
28,74,56,0,0
29,74,40,0,0
30,74,4,0,0
31,74,0,0,0
32,74,678,0,0
33,74,0,0,0
34,74,1039,0,0
35,74,1,0,0
36,74,92,0,0
37,74,80,0,0
38,74,2,0,0
39,74,0,0,0
40,74,0,0,0
41,74,47,0,0
42,74,80,0,0
43,74,43,0,0
44,74,0,0,0
45,74,1,0,0
46,74,0,0,0
47,74,30,5,0
48,74,19,0,0
49,74,2,0,0
50,74,6,0,0
51,74,795,0,0
52,74,1,0,0
53,74,0,0,0
54,74,12,0,0
55,74,0,0,0
56,74,24,0,0
57,74,0,0,0
58,74,3,0,0
59,74,3,0,0
60,74,0,0,0
61,74,21,0,0
62,74,28,12,31
63,74,0,0,0
64,74,7,0,0
65,74,2,0,0
66,74,21,0,0
67,74,3,7,0
68,74,0,0,0
69,74,12,0,0
70,74,35,0,0
71,74,0,0,0
72,74,0,0,0
73,74,0,0,0
74,74,0,0,0
75,74,0,0,0
76,74,0,0,0
77,74,0,0,0
78,74,0,0,0
79,74,0,0,0
80,74,0,0,0
81,74,0,0,0
82,74,0,0,0
83,74,0,0,0
84,74,0,0,0
1,75,55,0,0
2,75,6,0,0
3,75,0,0,0
4,75,72,0,0
5,75,3744,0,0
6,75,54,0,0
7,75,73,0,0
8,75,1,0,0
9,75,1,0,0
10,75,22,0,0
11,75,34,0,0
12,75,0,0,0
13,75,0,0,0
14,75,3,0,0
15,75,388,0,0
16,75,4,0,0
17,75,0,0,0
18,75,84,0,0
19,75,32,0,0
20,75,12,0,0
21,75,33,0,0
22,75,78,0,0
23,75,298,3,0
24,75,3,0,0
25,75,0,0,0
26,75,2,0,0
27,75,62,0,0
28,75,19,0,0
29,75,2708,0,0
30,75,389,0,0
31,75,34,0,0
32,75,64,0,0
33,75,2,0,0
34,75,1,0,0
35,75,54,0,0
36,75,40,0,0
37,75,48,0,0
38,75,6,0,0
39,75,0,0,0
40,75,0,0,0
41,75,0,0,0
42,75,1,0,0
43,75,23,0,0
44,75,126,0,0
45,75,195,0,0
46,75,40,0,0
47,75,62,0,0
48,75,0,0,0
49,75,101,0,0
50,75,50,0,0
51,75,0,0,0
52,75,52,0,0
53,75,0,0,0
54,75,14,0,0
55,75,1,0,0
56,75,3,0,0
57,75,5,0,0
58,75,11,0,0
59,75,18,0,0
60,75,21,0,0
61,75,0,0,0
62,75,111,0,0
63,75,0,0,0
64,75,2129,0,0
65,75,158,0,0
66,75,30,0,0
67,75,117,0,0
68,75,3159,17,0
69,75,341,0,0
70,75,42,0,0
71,75,44,0,0
72,75,2120,0,0
73,75,0,0,0
74,75,0,0,0
75,75,0,0,0
76,75,17,0,0
77,75,6,0,0
78,75,66,0,0
79,75,190,0,0
80,75,1,0,0
81,75,0,0,0
82,75,0,0,0
83,75,0,0,0
84,75,0,0,0
1,76,144,0,0
2,76,1692,0,0
3,76,0,0,0
4,76,3360,0,0
5,76,480,0,0
6,76,48,0,0
7,76,476,0,0
8,76,29,0,0
9,76,15,0,0
10,76,16,0,0
11,76,2088,0,0
12,76,4,0,0
13,76,0,0,0
14,76,21,0,0
15,76,146,0,0
16,76,143,0,0
17,76,0,0,0
18,76,5223,0,0
19,76,27,0,0
20,76,239,0,0
21,76,231,0,0
22,76,1345,0,0
23,76,5367,0,0
24,76,43,0,0
25,76,52,0,0
26,76,2,0,0
27,76,188,0,0
28,76,64,0,0
29,76,709,55,0
30,76,191,0,0
31,76,280,0,0
32,76,913,0,0
33,76,5,2,0
34,76,373,0,0
35,76,1291,0,0
36,76,580,0,0
37,76,60,0,0
38,76,3,0,0
39,76,0,0,0
40,76,0,0,0
41,76,4,0,0
42,76,215,0,0
43,76,50,0,0
44,76,333,0,0
45,76,2,0,0
46,76,5729,0,0
47,76,430,0,0
48,76,20,0,0
49,76,139,0,0
50,76,7,0,0
51,76,192,0,0
52,76,482,0,0
53,76,0,0,0
54,76,8,0,0
55,76,550,0,0
56,76,10,0,0
57,76,52,0,0
58,76,38,0,0
59,76,76,3,0
60,76,17,0,0
61,76,42,0,0
62,76,20,0,0
63,76,0,0,0
64,76,593,0,0
65,76,2,0,0
66,76,897,0,0
67,76,7,0,0
68,76,126,0,0
69,76,147,0,0
70,76,151,0,0
71,76,3363,0,0
72,76,307,0,0
73,76,0,0,0
74,76,0,0,0
75,76,150,0,0
76,76,0,0,0
77,76,27,51,0
78,76,23,0,0
79,76,74,0,0
80,76,127,0,0
81,76,0,0,0
82,76,0,0,0
83,76,0,0,0
84,76,0,0,0
1,77,595,0,0
2,77,129,0,0
3,77,0,0,0
4,77,303,0,0
5,77,4987,0,0
6,77,141,0,0
7,77,60,0,0
8,77,1025,0,0
9,77,15,0,0
10,77,2,0,0
11,77,90,0,0
12,77,91,0,0
13,77,0,0,0
14,77,0,0,0
15,77,132,0,0
16,77,102,0,0
17,77,0,0,0
18,77,377,0,0
19,77,89,0,0
20,77,913,0,0
21,77,1748,0,0
22,77,202,0,0
23,77,3521,0,0
24,77,275,0,0
25,77,87,0,0
26,77,1,0,0
27,77,2735,0,0
28,77,106,0,0
29,77,929,35,0
30,77,1506,0,0
31,77,1471,0,0
32,77,82,1,0
33,77,11,0,0
34,77,987,0,0
35,77,52,0,0
36,77,164,1,0
37,77,21,0,0
38,77,136,0,0
39,77,0,0,0
40,77,0,0,0
41,77,0,0,0
42,77,934,0,0
43,77,257,0,0
44,77,3107,0,0
45,77,21,0,0
46,77,453,3,0
47,77,4273,0,0
48,77,0,0,0
49,77,7,0,0
50,77,112,0,0
51,77,167,0,0
52,77,255,0,0
53,77,0,0,0
54,77,0,0,0
55,77,1636,0,0
56,77,5,0,0
57,77,170,0,0
58,77,211,0,0
59,77,1937,0,0
60,77,14,0,0
61,77,15,0,0
62,77,63,1,0
63,77,1,0,0
64,77,3442,0,0
65,77,27,0,0
66,77,376,0,0
67,77,6,4,0
68,77,855,0,0
69,77,49,0,0
70,77,3056,0,0
71,77,3495,204,0
72,77,153,0,0
73,77,0,0,0
74,77,0,0,0
75,77,84,0,0
76,77,131,83,0
77,77,0,0,0
78,77,8,0,0
79,77,320,0,0
80,77,41,0,0
81,77,0,0,0
82,77,0,0,0
83,77,0,0,0
84,77,0,0,0
1,78,0,0,0
2,78,3,0,0
3,78,0,0,0
4,78,78,0,0
5,78,226,0,0
6,78,151,0,0
7,78,1,0,0
8,78,2,0,0
9,78,35,0,0
10,78,901,0,0
11,78,17,0,0
12,78,0,0,0
13,78,0,0,0
14,78,89,0,0
15,78,280,0,0
16,78,0,0,0
17,78,0,0,0
18,78,37,0,0
19,78,108,0,0
20,78,16,0,0
21,78,21,0,0
22,78,682,0,0
23,78,112,0,0
24,78,16,0,0
25,78,1,0,0
26,78,0,0,0
27,78,40,0,0
28,78,78,0,0
29,78,568,0,0
30,78,29,0,0
31,78,113,0,0
32,78,101,0,0
33,78,5,0,0
34,78,18,0,0
35,78,11,0,0
36,78,16,0,0
37,78,41,0,0
38,78,59,0,0
39,78,0,0,0
40,78,0,0,0
41,78,0,0,0
42,78,13,0,0
43,78,71,0,0
44,78,343,0,0
45,78,170,0,0
46,78,50,0,0
47,78,111,0,0
48,78,40,0,0
49,78,48,0,0
50,78,31,0,0
51,78,51,0,0
52,78,54,0,0
53,78,0,0,0
54,78,414,0,0
55,78,234,0,0
56,78,2,0,0
57,78,2,0,0
58,78,0,0,0
59,78,26,0,0
60,78,6,0,0
61,78,0,0,0
62,78,110,0,0
63,78,0,0,0
64,78,211,0,0
65,78,0,0,0
66,78,4,0,0
67,78,81,0,0
68,78,270,0,0
69,78,346,0,0
70,78,7,0,0
71,78,79,0,0
72,78,928,1,0
73,78,0,0,0
74,78,0,0,0
75,78,528,0,0
76,78,35,0,0
77,78,15,0,0
78,78,0,0,0
79,78,30,0,0
80,78,18,0,0
81,78,0,0,0
82,78,0,0,0
83,78,0,0,0
84,78,0,0,0
1,79,39,0,0
2,79,20,0,0
3,79,0,0,0
4,79,161,0,0
5,79,3714,0,0
6,79,44,0,0
7,79,24,0,0
8,79,12,0,0
9,79,0,0,0
10,79,409,0,0
11,79,167,0,0
12,79,2,0,0
13,79,0,0,0
14,79,0,0,0
15,79,513,0,0
16,79,9,0,0
17,79,0,0,0
18,79,459,0,0
19,79,15,0,0
20,79,83,0,0
21,79,303,0,0
22,79,231,0,0
23,79,1163,0,0
24,79,16,0,0
25,79,0,0,0
26,79,6,0,0
27,79,273,0,0
28,79,70,0,0
29,79,1141,0,0
30,79,210,0,0
31,79,261,0,0
32,79,17,0,0
33,79,5,0,0
34,79,146,0,0
35,79,323,0,0
36,79,0,0,0
37,79,172,0,0
38,79,0,0,0
39,79,0,0,0
40,79,0,0,0
41,79,0,0,0
42,79,285,0,0
43,79,18,0,0
44,79,336,0,0
45,79,60,0,0
46,79,163,0,0
47,79,1368,0,0
48,79,0,0,0
49,79,91,0,0
50,79,8,0,0
51,79,0,0,0
52,79,173,0,0
53,79,0,0,0
54,79,0,0,0
55,79,311,0,0
56,79,25,0,0
57,79,26,0,0
58,79,37,0,0
59,79,134,0,0
60,79,29,0,0
61,79,1,0,0
62,79,287,0,0
63,79,1,0,0
64,79,1945,0,0
65,79,71,0,0
66,79,195,0,0
67,79,60,0,0
68,79,2737,0,0
69,79,1862,0,0
70,79,252,0,0
71,79,349,0,0
72,79,2478,0,0
73,79,0,0,0
74,79,0,0,0
75,79,2210,0,0
76,79,77,0,0
77,79,125,0,0
78,79,38,0,0
79,79,0,0,0
80,79,45,0,0
81,79,0,0,0
82,79,0,0,0
83,79,0,0,0
84,79,0,0,0
1,80,197,0,0
2,80,4,0,0
3,80,0,0,0
4,80,5403,0,0
5,80,62,0,0
6,80,3,0,0
7,80,740,0,0
8,80,26,0,0
9,80,0,0,0
10,80,1,0,0
11,80,2311,0,0
12,80,5,0,0
13,80,0,0,0
14,80,0,0,0
15,80,55,0,0
16,80,279,0,0
17,80,0,0,0
18,80,11,0,0
19,80,0,0,0
20,80,34,0,0
21,80,397,0,0
22,80,58,0,0
23,80,137,0,0
24,80,444,0,0
25,80,0,0,0
26,80,0,0,0
27,80,129,0,0
28,80,17,0,0
29,80,24,0,0
30,80,54,0,0
31,80,532,0,0
32,80,0,0,0
33,80,2,0,0
34,80,0,0,0
35,80,12,0,0
36,80,214,0,0
37,80,4,0,0
38,80,0,0,0
39,80,0,0,0
40,80,0,0,0
41,80,0,0,0
42,80,15,0,0
43,80,2,0,0
44,80,3351,0,0
45,80,1,0,0
46,80,1604,0,0
47,80,98,0,0
48,80,0,0,0
49,80,1085,0,0
50,80,0,0,0
51,80,0,0,0
52,80,369,0,0
53,80,0,0,0
54,80,0,0,0
55,80,37,0,0
56,80,0,0,0
57,80,18,0,0
58,80,198,0,0
59,80,71,0,0
60,80,3,0,0
61,80,5,0,0
62,80,54,0,0
63,80,1,0,0
64,80,195,0,0
65,80,0,0,0
66,80,0,0,0
67,80,2,0,0
68,80,9,0,0
69,80,6,0,0
70,80,221,0,0
71,80,238,0,0
72,80,429,0,0
73,80,0,0,0
74,80,0,0,0
75,80,37,0,0
76,80,93,0,0
77,80,0,0,0
78,80,2,0,0
79,80,20,0,0
80,80,0,0,0
81,80,0,0,0
82,80,0,0,0
83,80,0,0,0
84,80,0,0,0
1,81,0,0,0
2,81,0,0,0
3,81,0,0,0
4,81,0,0,0
5,81,0,0,0
6,81,0,0,0
7,81,0,0,0
8,81,0,0,0
9,81,0,0,0
10,81,0,0,0
11,81,0,0,0
12,81,0,0,0
13,81,0,0,0
14,81,0,0,0
15,81,0,0,0
16,81,0,0,0
17,81,0,0,0
18,81,0,0,0
19,81,0,0,0
20,81,0,0,0
21,81,0,0,0
22,81,0,0,0
23,81,0,0,0
24,81,0,0,0
25,81,0,0,0
26,81,0,0,0
27,81,0,0,0
28,81,0,0,0
29,81,0,0,0
30,81,0,0,0
31,81,0,0,0
32,81,0,0,0
33,81,0,0,0
34,81,0,0,0
35,81,0,0,0
36,81,0,0,0
37,81,0,0,0
38,81,0,0,0
39,81,0,0,0
40,81,0,0,0
41,81,0,0,0
42,81,0,0,0
43,81,0,0,0
44,81,0,0,0
45,81,0,0,0
46,81,0,0,0
47,81,0,0,0
48,81,0,0,0
49,81,0,0,0
50,81,0,0,0
51,81,0,0,0
52,81,0,0,0
53,81,0,0,0
54,81,0,0,0
55,81,0,0,0
56,81,0,0,0
57,81,0,0,0
58,81,0,0,0
59,81,0,0,0
60,81,0,0,0
61,81,0,0,0
62,81,0,0,0
63,81,0,0,0
64,81,0,0,0
65,81,0,0,0
66,81,0,0,0
67,81,0,0,0
68,81,0,0,0
69,81,0,0,0
70,81,0,0,0
71,81,0,0,0
72,81,0,0,0
73,81,0,0,0
74,81,0,0,0
75,81,0,0,0
76,81,0,0,0
77,81,0,0,0
78,81,0,0,0
79,81,0,0,0
80,81,0,0,0
81,81,0,0,0
82,81,0,0,0
83,81,0,0,0
84,81,0,0,0
1,82,0,0,0
2,82,0,0,0
3,82,0,0,0
4,82,0,0,0
5,82,0,0,0
6,82,0,0,0
7,82,0,0,0
8,82,0,0,0
9,82,0,0,0
10,82,0,0,0
11,82,0,0,0
12,82,0,0,0
13,82,0,0,0
14,82,0,0,0
15,82,0,0,0
16,82,0,0,0
17,82,0,0,0
18,82,0,0,0
19,82,0,0,0
20,82,0,0,0
21,82,0,0,0
22,82,0,0,0
23,82,0,0,0
24,82,0,0,0
25,82,0,0,0
26,82,0,0,0
27,82,0,0,0
28,82,0,0,0
29,82,0,0,0
30,82,0,0,0
31,82,0,0,0
32,82,0,0,0
33,82,0,0,0
34,82,0,0,0
35,82,0,0,0
36,82,0,0,0
37,82,0,0,0
38,82,0,0,0
39,82,0,0,0
40,82,0,0,0
41,82,0,0,0
42,82,0,0,0
43,82,0,0,0
44,82,0,0,0
45,82,0,0,0
46,82,0,0,0
47,82,0,0,0
48,82,0,0,0
49,82,0,0,0
50,82,0,0,0
51,82,0,0,0
52,82,0,0,0
53,82,0,0,0
54,82,0,0,0
55,82,0,0,0
56,82,0,0,0
57,82,0,0,0
58,82,0,0,0
59,82,0,0,0
60,82,0,0,0
61,82,0,0,0
62,82,0,0,0
63,82,0,0,0
64,82,0,0,0
65,82,0,0,0
66,82,0,0,0
67,82,0,0,0
68,82,0,0,0
69,82,0,0,0
70,82,0,0,0
71,82,0,0,0
72,82,0,0,0
73,82,0,0,0
74,82,0,0,0
75,82,0,0,0
76,82,0,0,0
77,82,0,0,0
78,82,0,0,0
79,82,0,0,0
80,82,0,0,0
81,82,0,0,0
82,82,0,0,0
83,82,0,0,0
84,82,0,0,0
1,83,0,0,0
2,83,0,0,0
3,83,0,0,0
4,83,0,0,0
5,83,0,0,0
6,83,0,0,0
7,83,0,0,0
8,83,0,0,0
9,83,0,0,0
10,83,0,0,0
11,83,0,0,0
12,83,0,0,0
13,83,0,0,0
14,83,0,0,0
15,83,0,0,0
16,83,0,0,0
17,83,0,0,0
18,83,0,0,0
19,83,0,0,0
20,83,0,0,0
21,83,0,0,0
22,83,0,0,0
23,83,0,0,0
24,83,0,0,0
25,83,0,0,0
26,83,0,0,0
27,83,0,0,0
28,83,0,0,0
29,83,0,0,0
30,83,0,0,0
31,83,0,0,0
32,83,0,0,0
33,83,0,0,0
34,83,0,0,0
35,83,0,0,0
36,83,0,0,0
37,83,0,0,0
38,83,0,0,0
39,83,0,0,0
40,83,0,0,0
41,83,0,0,0
42,83,0,0,0
43,83,0,0,0
44,83,0,0,0
45,83,0,0,0
46,83,0,0,0
47,83,0,0,0
48,83,0,0,0
49,83,0,0,0
50,83,0,0,0
51,83,0,0,0
52,83,0,0,0
53,83,0,0,0
54,83,0,0,0
55,83,0,0,0
56,83,0,0,0
57,83,0,0,0
58,83,0,0,0
59,83,0,0,0
60,83,0,0,0
61,83,0,0,0
62,83,0,0,0
63,83,0,0,0
64,83,0,0,0
65,83,0,0,0
66,83,0,0,0
67,83,0,0,0
68,83,0,0,0
69,83,0,0,0
70,83,0,0,0
71,83,0,0,0
72,83,0,0,0
73,83,0,0,0
74,83,0,0,0
75,83,0,0,0
76,83,0,0,0
77,83,0,0,0
78,83,0,0,0
79,83,0,0,0
80,83,0,0,0
81,83,0,0,0
82,83,0,0,0
83,83,0,0,0
84,83,0,0,0
1,84,0,0,0
2,84,0,0,0
3,84,0,0,0
4,84,0,0,0
5,84,0,0,0
6,84,0,0,0
7,84,0,0,0
8,84,0,0,0
9,84,0,0,0
10,84,0,0,0
11,84,0,0,0
12,84,0,0,0
13,84,0,0,0
14,84,0,0,0
15,84,0,0,0
16,84,0,0,0
17,84,0,0,0
18,84,0,0,0
19,84,0,0,0
20,84,0,0,0
21,84,0,0,0
22,84,0,0,0
23,84,0,0,0
24,84,0,0,0
25,84,0,0,0
26,84,0,0,0
27,84,0,0,0
28,84,0,0,0
29,84,0,0,0
30,84,0,0,0
31,84,0,0,0
32,84,0,0,0
33,84,0,0,0
34,84,0,0,0
35,84,0,0,0
36,84,0,0,0
37,84,0,0,0
38,84,0,0,0
39,84,0,0,0
40,84,0,0,0
41,84,0,0,0
42,84,0,0,0
43,84,0,0,0
44,84,0,0,0
45,84,0,0,0
46,84,0,0,0
47,84,0,0,0
48,84,0,0,0
49,84,0,0,0
50,84,0,0,0
51,84,0,0,0
52,84,0,0,0
53,84,0,0,0
54,84,0,0,0
55,84,0,0,0
56,84,0,0,0
57,84,0,0,0
58,84,0,0,0
59,84,0,0,0
60,84,0,0,0
61,84,0,0,0
62,84,0,0,0
63,84,0,0,0
64,84,0,0,0
65,84,0,0,0
66,84,0,0,0
67,84,0,0,0
68,84,0,0,0
69,84,0,0,0
70,84,0,0,0
71,84,0,0,0
72,84,0,0,0
73,84,0,0,0
74,84,0,0,0
75,84,0,0,0
76,84,0,0,0
77,84,0,0,0
78,84,0,0,0
79,84,0,0,0
80,84,0,0,0
81,84,0,0,0
82,84,0,0,0
83,84,0,0,0
84,84,0,0,0
